ID,Category,RecoveryTime,CategoryRecoveryTime
11,44,0,60000
16,0,30000,0
17,56,0,4000
43,0,600000,0
45,32,0,0
47,44,0,300000
56,32,0,0
68,1,10000,0
71,47,0,1000
72,88,0,12000
76,65,0,0
87,40,0,10000
89,0,30000,0
91,65,0,30000
100,44,0,15000
101,32,0,5000
103,0,60000,0
109,37,0,600000
110,0,60000,0
111,0,60000,0
112,0,60000,0
114,99,0,1000
120,50,0,10000
122,35,0,25000
124,52,0,10000
134,21,0,15000
179,99,0,1000
184,21,0,15000
246,51,0,10000
255,17,0,10000
260,1,0,0
271,0,0,120000
278,40,0,10000
279,40,0,10000
302,65,0,30000
355,82,0,10000
379,55,0,10000
408,270,0,20000
409,37,0,600000
410,37,0,600000
411,37,0,600000
421,85,0,6000
424,72,0,600000
430,59,0,60000
431,59,0,60000
432,59,0,60000
433,11,0,60000
434,11,0,60000
435,11,0,60000
436,4,0,60000
437,4,0,60000
438,4,0,60000
439,4,0,10000
440,4,0,10000
441,4,0,10000
450,0,30000,0
451,32,0,30000
454,0,30000,0
455,62,0,360000
457,22,0,10000
466,38,0,0
474,22,0,10000
498,37,0,300000
500,35,0,120000
503,37,0,600000
507,22,0,10000
509,22,0,10000
513,23,0,600000
543,56,0,30000
553,55,0,10000
555,23,0,600000
556,511,0,900000
568,1152,0,0
586,82,0,30000
590,99,0,1000
592,56,0,4000
593,22,0,60000
595,54,0,600000
599,99,0,1000
600,56,0,4000
603,0,60000,0
629,99,0,1000
630,99,0,1000
633,56,0,3600000
634,54,0,10000
637,21,0,10000
638,54,0,10000
640,17,0,10000
641,17,0,10000
642,37,0,300000
644,54,0,10000
646,21,0,10000
676,109,0,60000
677,41,0,240000
678,40,0,10000
679,40,0,10000
680,40,0,10000
684,60,0,60000
692,32,0,60000
694,40,0,120000
708,0,0,600000
711,35,0,6000
724,1145,0,600000
740,46,0,300000
742,0,600000,0
743,95,0,600000
745,34,0,0
748,40,0,10000
749,65,0,30000
751,40,0,10000
752,40,0,10000
753,65,0,30000
756,31,0,30000
757,31,0,60000
761,18,0,12000
762,18,0,12000
765,23,0,600000
769,85,0,0
773,51,0,10000
775,751,0,300000
776,99,0,1000
779,85,0,0
780,85,0,0
781,82,0,5000
800,1152,0,2000
801,24,0,0
805,29,0,0
818,97,0,300000
822,0,300000,0
823,0,300000,0
829,0,300000,0
830,0,300000,0
839,55,0,10000
841,17,0,10000
847,17,0,10000
849,0,30000,0
853,32,0,60000
855,22,0,10000
861,32,0,30000
863,37,0,600000
865,35,0,25000
867,22,0,10000
871,132,0,1800000
877,0,30000,0
879,19,0,15000
895,23,0,600000
903,17,0,10000
911,18,0,12000
917,99,0,1000
930,85,0,6000
932,62,0,360000
934,99,0,1000
937,18,0,12000
947,99,0,1000
949,99,0,1000
955,99,0,1000
957,18,0,12000
963,72,0,600000
965,18,0,30000
966,511,0,900000
968,23,0,600000
974,99,0,1000
986,99,0,1000
994,54,0,600000
998,22,0,60000
1000,99,0,1000
1009,133,25000,0
1018,21,0,30000
1019,21,0,30000
1020,37,0,300000
1022,20,0,300000
1024,17,0,10000
1028,21,0,10000
1030,17,0,10000
1044,0,20000,0
1048,21,0,10000
1050,35,600000,6000
1052,55,0,20000
1056,51,0,10000
1069,99,0,1000
1073,89,0,300000
1092,18,0,12000
1110,18,0,12000
1112,35,0,6000
1122,731,0,3600000
1124,35,0,6000
1127,11,0,60000
1129,11,0,60000
1131,11,0,60000
1133,59,0,60000
1134,350,0,300000
1135,59,0,60000
1137,59,0,60000
1161,0,600000,0
1179,55,0,30000
1457,99,0,1000
1485,351,0,0
1491,41,0,300000
1492,41,0,300000
1495,65,0,5000
1499,411,0,15000
1504,18,0,60000
1505,18,0,60000
1506,18,0,60000
1507,18,0,60000
1508,18,0,60000
1510,49,0,60000
1513,33,0,30000
1516,0,60000,0
1535,35,0,15000
1540,35,0,0
1542,37,0,300000
1543,0,15000,0
1628,40,0,10000
1629,40,0,10000
1635,0,300000,0
1645,65,0,30000
1648,65,0,30000
1663,65,0,30000
1664,65,0,30000
1665,65,0,30000
1671,88,0,12000
1672,88,0,12000
1680,891,0,10000
1698,50,0,180000
1707,99,0,1000
1708,40,30000,4000
1709,40,30000,4000
1719,132,0,1800000
1725,22,0,30000
1731,65,0,30000
1732,65,0,30000
1742,82,0,5000
1753,82,0,5000
1754,82,0,5000
1755,82,0,5000
1756,82,0,5000
1760,40,0,0
1766,88,0,10000
1767,88,0,10000
1768,88,0,10000
1769,88,0,10000
1770,73,0,30000
1776,33,0,10000
1777,33,0,10000
1784,38,0,10000
1785,38,0,10000
1786,38,0,10000
1787,38,0,10000
1794,74,0,300000
1795,74,0,300000
1796,74,0,300000
1797,74,0,300000
1798,74,0,300000
1812,65,0,30000
1813,65,0,30000
1814,65,0,30000
1815,65,0,30000
1849,55,0,30000
1850,44,0,300000
1856,39,0,300000
1857,39,0,300000
1864,95,0,600000
1866,40,0,10000
1868,41,0,300000
1869,41,0,180000
1870,41,0,300000
1918,40,0,10000
1920,65,0,30000
1921,65,0,30000
1922,65,0,30000
1933,65,0,60000
1940,24,0,0
1941,99,0,1000
1945,37,0,300000
1953,44,0,15000
1963,18,0,60000
1964,18,0,60000
1965,18,0,60000
1966,82,0,10000
1967,18,0,60000
1968,32,0,60000
1969,32,0,60000
1970,32,0,60000
1971,19,0,300000
1972,19,0,240000
1973,19,0,180000
1975,63,0,300000
1976,63,0,300000
1977,63,0,600000
1979,88,0,60000
1980,35,0,0
2023,4,0,60000
2024,4,0,10000
2063,56,0,600000
2064,56,0,600000
2094,0,300000,0
2128,98,0,900000
2129,98,0,900000
2130,63,0,900000
2131,63,0,900000
2136,19,0,8000
2137,19,0,8000
2138,19,0,8000
2139,88,0,30000
2351,37,0,600000
2353,37,0,600000
2354,37,0,600000
2370,4,0,60000
2427,65,0,30000
2428,65,0,30000
2429,65,0,30000
2430,65,0,30000
2431,65,0,30000
2457,47,0,1000
2458,47,0,1000
2459,47,0,3000
2460,47,0,3000
2463,47,0,150000
2480,76,0,0
2484,0,15000,0
2495,40,0,10000
2497,65,0,30000
2498,65,0,30000
2499,65,0,30000
2500,65,0,30000
2501,65,0,30000
2502,65,0,60000
2503,65,0,60000
2504,65,0,60000
2505,65,0,60000
2506,65,0,60000
2564,66,0,300000
2565,0,5000,0
2566,68,0,300000
2568,44,0,0
2569,44,0,0
2570,44,0,0
2597,4,0,60000
2598,4,0,60000
2599,4,0,60000
2600,4,0,60000
2601,21,0,20000
2602,21,0,15000
2606,19,0,6000
2607,19,0,6000
2608,19,0,6000
2609,19,0,6000
2610,19,0,6000
2627,40,0,10000
2628,40,0,10000
2629,40,0,10000
2630,40,0,10000
2638,11,0,60000
2639,11,0,60000
2640,11,0,60000
2642,11,0,60000
2643,85,0,10000
2644,11,0,60000
2646,11,0,60000
2647,32,0,60000
2649,82,0,5000
2651,1144,0,300000
2677,40,0,10000
2679,40,0,10000
2680,40,0,10000
2681,40,0,10000
2682,40,0,10000
2687,0,60000,0
2697,40,0,10000
2699,40,0,10000
2700,40,0,10000
2701,40,0,10000
2702,40,0,10000
2707,40,0,10000
2709,40,0,10000
2710,40,0,10000
2711,40,0,10000
2712,40,0,10000
2717,40,0,10000
2719,40,0,10000
2720,40,0,10000
2721,40,0,10000
2722,40,0,10000
2727,40,0,10000
2728,40,0,10000
2729,40,0,10000
2730,40,0,10000
2731,40,0,10000
2764,76,0,0
2768,99,0,1000
2770,99,0,1000
2771,99,0,1000
2783,99,0,1000
2800,56,0,3600000
2808,17,0,10000
2809,17,0,10000
2812,35,0,60000
2848,44,0,0
2849,68,0,300000
2850,44,0,0
2852,21,0,10000
2854,99,0,1000
2856,99,0,0
2860,85,0,6000
2861,35,0,30000
2864,99,0,1000
2867,17,0,10000
2878,33,0,30000
2880,32,0,0
2882,39,0,0
2887,99,0,1000
2888,99,0,1000
2894,99,0,1000
2895,99,0,1000
2922,65,0,30000
2924,65,0,30000
2925,65,0,30000
2944,691,0,180000
2951,35,0,6000
2973,40,0,6000
2983,44,0,300000
2984,44,0,0
3005,63,0,600000
3013,35,0,0
3015,35,0,0
3019,0,0,40000
3032,39,0,30000
3039,0,0,30000
3040,0,0,30000
3041,0,0,30000
3042,0,0,30000
3044,2,0,6000
3045,55,0,300000
3106,35,0,3000
3107,23,0,0
3109,32,0,10000
3129,50,0,0
3130,65,0,30000
3131,2,0,10000
3132,0,0,30000
3133,55,0,30000
3136,55,0,30000
3143,32,0,0
3145,42,0,15000
3146,51,0,30000
3147,40,0,0
3148,52,0,0
3149,55,0,30000
3150,18,0,30000
3151,55,0,30000
3169,37,0,0
3204,35,0,600000
3219,4,0,60000
3221,4,0,60000
3222,4,0,60000
3223,4,0,60000
3229,55,0,3000
3232,41,0,300000
3233,36,0,10000
3234,2,0,0
3235,21,0,0
3238,21,0,45000
3242,65,0,0
3247,65,0,30000
3248,21,0,0
3252,36,0,30000
3256,0,0,420000
3260,21,0,0
3261,18,0,0
3263,32,0,0
3264,36,0,0
3284,21,0,0
3288,36,0,0
3322,21,0,0
3332,51,0,10000
3335,36,0,180000
3338,21,0,0
3339,21,0,0
3358,18,0,0
3359,25,0,0
3360,36,0,0
3361,2,0,0
3368,25,0,0
3385,65,0,10000
3387,36,0,0
3388,18,0,0
3389,21,0,0
3391,65,0,0
3393,2,0,0
3394,2,0,0
3416,0,0,60000
3417,65,0,0
3418,21,0,0
3419,21,0,0
3427,36,0,0
3429,62,0,0
3436,36,0,420000
3442,22,0,0
3443,55,0,0
3446,65,0,70000
3466,73,0,30000
3477,38,0,0
3485,36,0,0
3486,38,0,10000
3490,21,0,0
3499,0,0,20000
3527,23,20000,0
3537,23,0,0
3542,34,0,60000
3547,0,0,25000
3551,65,0,0
3558,99,0,1000
3583,18,0,120000
3584,18,0,180000
3586,18,0,180000
3589,36,0,0
3591,4,0,0
3592,4,0,10000
3597,40,0,10000
3603,36,0,45000
3604,36,0,20000
3605,23,0,0
3609,36,0,0
3611,23,0,0
3629,0,0,120000
3631,55,0,0
3635,36,0,45000
3636,36,0,0
3637,21,0,0
3639,21,0,0
3648,37,0,0
3650,36,0,30000
3651,54,0,30000
3669,0,0,30000
3680,37,0,600000
3716,36,0,5000
3718,24,0,0
3720,0,0,10000
3742,21,0,10000
3743,40,0,10000
3747,56,0,4000
3822,24,0,0
3823,23,0,7000
3825,21,0,0
3826,21,0,0
3827,0,0,30000
4042,4,0,10000
4079,0,0,600000
4083,96,0,300000
4101,0,0,15000
4102,65,0,30000
4104,44,0,300000
4105,44,0,300000
4107,47,0,0
4108,47,0,0
4109,47,0,0
4111,47,0,0
4134,47,0,0
4135,47,0,0
4137,47,0,0
4139,47,0,0
4146,55,0,45000
4147,55,0,60000
4148,57,0,420000
4149,0,0,45000
4150,0,0,120000
4154,0,0,60000
4159,65,0,30000
4166,0,0,30000
4167,34,0,120000
4168,34,0,120000
4169,34,0,120000
4170,0,0,5000
4209,25,0,15000
4221,25,0,15000
4238,21,0,180000
4242,0,0,30000
4244,36,0,0
4245,36,0,0
4246,34,0,60000
4280,2,0,0
4281,85,0,60000
4286,18,0,120000
4312,46,0,0
4314,38,0,0
4320,18,0,45000
4321,36,0,5000
4511,0,10000,0
4520,50,0,180000
4526,0,0,120000
4538,0,0,300000
4539,0,0,300000
4629,0,0,300000
4805,36,0,180000
4938,49,0,0
4940,20,0,30000
4941,28,0,60000
4948,39,0,30000
4955,0,0,45000
4961,25,0,0
4979,0,0,25000
5004,11,0,60000
5005,11,0,60000
5006,11,0,60000
5007,11,0,60000
5010,0,0,60000
5019,351,0,0
5102,38,0,0
5105,18,0,30000
5106,33,0,0
5108,0,0,20000
5110,0,0,20000
5115,55,0,0
5116,0,12000,0
5119,64,0,3000
5120,64,0,30000
5121,64,0,30000
5122,64,0,30000
5123,64,0,30000
5124,64,0,30000
5151,38,0,0
5164,0,10000,0
5165,0,10000,0
5174,25,0,0
5197,44,0,0
5198,99,0,1000
5199,44,0,0
5208,18,0,0
5209,0,600000,0
5211,32,0,60000
5215,38,0,10000
5217,0,1000,0
5219,2,0,0
5223,0,600000,0
5229,0,60000,0
5236,37,0,0
5238,37,0,60000
5246,0,180000,0
5252,23,0,240000
5254,99,0,1000
5256,66,0,90000
5258,38,0,0
5271,65,0,0
5276,98,0,0
5277,66,0,300000
5280,99,0,0
5320,99,0,1000
5321,99,0,1000
5322,99,0,1000
5323,99,0,1000
5324,99,0,1000
5325,99,0,1000
5333,75,0,15000
5337,65,0,0
5363,47,0,0
5365,47,0,0
5366,47,0,0
5367,47,0,0
5384,0,30000,0
5391,37,0,300000
5401,2,0,0
5403,35,0,30000
5405,30,0,60000
5406,30,0,60000
5413,0,0,30000
5422,0,0,60000
5426,0,0,30000
5484,634,0,40000
5514,22,0,0
5515,99,0,0
5532,85,0,6000
5568,49,0,0
5569,40,0,10000
5573,37,0,300000
5588,32,0,60000
5589,32,0,60000
5592,26,0,3600000
5599,20,0,300000
5601,55,0,20000
5602,55,0,20000
5605,23,0,0
5614,19,0,15000
5615,19,0,15000
5627,33,0,30000
5665,102,0,0
5694,38,0,0
5701,87,0,0
5703,65,0,30000
5707,38,0,0
5708,85,0,0
5718,38,0,0
5719,38,0,0
5720,30,0,0
5723,30,0,0
5730,45,0,30000
5734,108,0,300000
5737,51,0,10000
5739,87,0,0
5759,39,0,30000
5781,51,0,45000
5858,37,60000,0
5862,99,0,1000
5916,38,0,120000
5917,22,0,0
5918,32,0,30000
5990,21,0,45000
6016,36,0,45000
6065,56,0,4000
6066,56,0,4000
6084,94,0,0
6131,35,0,25000
6134,99,0,1000
6135,99,0,1000
6139,44,0,30000
6143,56,0,30000
6146,51,0,10000
6148,23,0,600000
6174,41,0,10000
6175,41,0,10000
6178,44,0,15000
6184,67,0,60000
6186,65,0,0
6229,56,0,30000
6230,56,0,30000
6254,85,0,0
6255,2,0,0
6260,38,0,0
6261,38,0,0
6262,30,0,0
6263,30,0,0
6264,21,0,45000
6266,0,0,30000
6268,44,5000,0
6274,23,0,45000
6278,0,0,30000
6280,65,0,0
6281,65,0,0
6282,65,0,0
6283,65,0,0
6286,65,0,0
6295,35,0,6000
6297,35,0,0
6305,35,0,6000
6306,18,0,0
6311,65,0,0
6314,65,0,0
6315,65,0,0
6316,65,0,0
6317,65,0,0
6328,65,0,0
6331,65,0,0
6332,65,0,0
6333,65,0,0
6334,65,0,0
6343,49,0,4000
6344,22,0,30000
6346,0,30000,0
6353,631,0,60000
6360,82,0,4000
6376,104,0,1000
6378,104,0,1000
6390,45,0,30000
6391,45,0,30000
6392,45,0,30000
6409,32,0,30000
6410,11,0,60000
6432,32,0,0
6433,21,0,0
6434,99,0,60000
6435,65,0,6000
6443,65,0,0
6444,65,0,0
6445,65,0,0
6446,65,0,0
6447,65,0,0
6469,35,0,0
6487,31,0,60000
6490,23,0,20000
6507,99,0,1000
6512,79,0,10000
6513,79,0,10000
6523,37,0,0
6524,0,5000,0
6528,99,0,0
6530,36,0,30000
6533,34,0,0
6535,35,0,40000
6538,47,0,90000
6542,43,0,30000
6544,44,0,30000
6552,88,0,10000
6554,88,0,10000
6555,88,0,10000
6568,65,0,0
6570,109,0,60000
6572,65,0,5000
6574,65,0,5000
6576,47,0,30000
6580,42,0,30000
6595,40,10000,0
6605,99,0,0
6607,0,0,20000
6612,4,0,60000
6613,4,0,60000
6614,4,0,60000
6615,4,0,60000
6634,38,0,0
6664,66,0,10000
6685,18,0,30000
6711,44,0,360000
6724,37,0,0
6725,63,0,30000
6726,32,0,0
6728,99,0,0
6742,55,0,0
6749,0,0,15000
6768,82,0,10000
6772,32,0,5000
6783,38,0,10000
6789,633,0,120000
6793,0,1000,0
6795,82,0,10000
6798,32,0,60000
6814,18,0,0
6917,18,0,0
6921,44,0,180000
6922,32,0,0
6940,25,0,0
6942,0,0,10000
6950,0,0,30000
6957,99,0,5000
6960,99,0,1000
6975,0,60000,0
6976,0,60000,0
6977,0,60000,0
6982,0,0,30000
6996,49,0,60000
7020,0,30000,0
7033,1,0,0
7068,36,0,0
7069,99,0,1000
7074,0,0,5000
7090,39,0,30000
7092,0,0,15000
7093,0,0,20000
7101,63,0,0
7102,36,0,120000
7104,38,0,0
7106,12,0,7000
7108,99,0,1000
7121,37,0,0
7125,0,0,60000
7127,0,0,60000
7132,0,0,200000
7136,32,0,0
7137,44,0,0
7139,0,0,20000
7140,0,0,25000
7145,85,0,10000
7154,0,0,7000
7160,41,0,30000
7164,47,0,180000
7165,47,0,180000
7178,99,0,1000
7230,99,0,1000
7231,99,0,1000
7232,99,0,1000
7233,99,0,1000
7234,99,0,1000
7235,99,0,1000
7236,99,0,1000
7237,99,0,1000
7238,99,0,1000
7239,99,0,1000
7240,99,0,1000
7241,99,0,1000
7242,99,0,1000
7243,99,0,1000
7244,99,0,1000
7245,99,0,1000
7246,99,0,1000
7247,99,0,1000
7248,99,0,1000
7249,99,0,1000
7250,99,0,1000
7251,99,0,1000
7252,99,0,1000
7253,99,0,1000
7254,99,0,1000
7273,99,0,1000
7279,36,0,0
7290,99,0,1000
7291,11,0,60000
7331,99,0,1000
7342,85,0,0
7355,0,300000,0
7357,0,0,30000
7359,97,0,300000
7363,99,0,1000
7365,0,0,60000
7366,47,0,0
7371,44,0,25000
7377,88,0,10000
7379,65,0,5000
7383,37,0,0
7384,65,0,5000
7390,82,0,10000
7391,82,0,10000
7394,85,0,0
7396,4,0,0
7399,99,0,0
7400,40,0,120000
7402,40,0,120000
7482,19,0,0
7586,32,0,0
7587,32,0,0
7638,25,0,0
7645,99,0,0
7713,36,0,0
7737,11,0,60000
7744,0,120000,0
7806,21,0,5000
7807,21,0,5000
7808,21,0,5000
7809,36,0,5000
7810,36,0,5000
7811,36,0,5000
7813,82,0,4000
7814,73,0,12000
7815,40,0,12000
7816,40,0,12000
7822,38,0,0
7823,38,0,0
7825,38,0,0
7826,38,0,0
7844,99,0,1000
7870,37,0,0
7887,65,0,5000
7918,76,0,0
7919,76,0,0
7932,99,0,1000
7933,99,0,1000
7938,41,0,0
7960,31,0,0
7961,32,0,0
7966,99,0,1000
7974,38,0,10000
7992,51,0,10000
8041,39,0,0
8042,19,0,6000
8044,19,0,6000
8045,19,0,6000
8046,19,0,6000
8050,19,0,6000
8052,19,0,6000
8053,19,0,6000
8056,19,0,6000
8058,19,0,6000
8060,19,0,6000
8078,22,0,0
8082,38,0,0
8083,38,0,0
8084,38,0,0
8085,38,0,0
8092,19,0,8000
8102,19,0,8000
8103,19,0,8000
8104,19,0,8000
8105,19,0,8000
8106,19,0,8000
8122,43,0,30000
8124,43,0,30000
8138,18,0,0
8139,18,0,0
8141,25,0,0
8147,22,0,0
8148,99,0,1000
8150,22,0,0
8151,32,0,30000
8152,38,0,10000
8153,39,0,0
8177,230,0,15000
8198,49,0,4000
8204,49,0,4000
8205,49,0,4000
8215,55,0,0
8216,38,0,10000
8218,38,0,10000
8242,88,0,0
8255,85,0,0
8256,18,0,120000
8260,44,0,0
8269,21,0,0
8273,65,0,0
8275,18,0,0
8282,36,0,0
8285,49,0,25000
8292,85,0,0
8293,35,0,0
8295,19,0,0
8312,34,0,0
8355,40,0,0
8356,63,0,0
8358,25,0,0
8363,18,0,0
8374,85,0,0
8379,109,0,0
8382,18,0,0
8391,65,0,0
8412,19,0,8000
8413,19,0,8000
8429,31,0,10000
8457,56,0,30000
8458,56,0,30000
8461,56,0,30000
8462,56,0,30000
8479,31,0,10000
8480,31,0,10000
8481,31,0,10000
8492,50,0,10000
8498,35,0,15000
8499,35,0,15000
8595,25,0,15000
8599,21,0,0
8601,51,0,0
8621,40,0,0
8629,33,0,10000
8637,82,0,10000
8643,270,0,20000
8690,89,0,3600000
8696,44,0,300000
8697,44,0,0
8699,55,0,0
8715,99,0,30000
8736,31,0,0
8739,36,0,0
8788,0,10000,0
8806,18,0,0
8814,63,0,30000
8822,38,0,0
8832,0,10000,0
8833,21,0,0
8834,21,0,0
8852,36,0,0
8873,50,0,0
8874,38,0,10000
8876,65,0,0
8909,0,10000,0
8918,46,0,300000
8983,32,0,60000
8988,32,0,0
8989,49,0,0
8998,84,0,10000
9000,84,0,10000
9128,43,0,0
9177,11,0,60000
9220,0,0,10000
9252,30,0,60000
9253,30,0,60000
9257,56,0,3600000
9373,99,0,1000
9435,63,0,0
9438,37,0,0
9460,21,0,0
9512,60,0,60000
9572,37,60000,0
9573,50,0,0
9575,63,0,0
9578,82,0,30000
9579,82,0,30000
9592,82,0,30000
9612,36,0,0
9733,49,0,15000
9736,39,0,5000
9740,39,0,5000
9741,43,10000,5000
9754,85,0,0
9782,0,5000,0
9784,0,5000,0
9791,52,0,0
9821,44,0,300000
9845,0,1000,0
9846,0,1000,0
9862,46,0,300000
9863,46,0,300000
9874,63,0,0
9879,63,0,0
9892,84,0,10000
9906,54,0,0
9908,85,0,0
9913,38,0,10000
9949,31,0,30000
9956,25,0,0
9976,39,0,30000
9977,31,0,30000
10017,35,0,0
10018,35,0,0
10032,38,0,0
10052,30,0,60000
10057,30,0,60000
10058,30,0,60000
10059,0,60000,0
10060,0,180000,0
10073,19,0,0
10159,50,0,10000
10160,50,0,10000
10161,50,0,10000
10177,56,0,30000
10197,19,0,8000
10199,19,0,8000
10223,56,0,30000
10225,56,0,30000
10230,35,0,25000
10232,44,0,20000
10236,64,0,3000
10238,64,0,3000
10240,64,0,3000
10241,64,0,3000
10242,64,0,3000
10250,59,0,60000
10251,36,0,0
10253,35,0,0
10256,11,0,60000
10257,11,0,60000
10278,20,0,300000
10280,55,0,20000
10281,55,0,20000
10308,32,0,60000
10310,56,0,3600000
10312,19,0,15000
10313,19,0,15000
10314,19,0,15000
10318,35,0,60000
10319,35,0,60000
10326,33,0,30000
10332,40,0,10000
10333,40,0,10000
10368,56,0,0
10412,19,0,6000
10413,19,0,6000
10414,19,0,6000
10427,45,0,30000
10428,45,0,30000
10447,19,0,6000
10448,19,0,6000
10451,63,0,0
10472,19,0,6000
10473,19,0,6000
10591,19,0,6000
10592,19,0,6000
10605,85,0,6000
10618,99,0,1000
10651,36,0,0
10653,36,0,0
10667,1,0,210000
10668,1,0,210000
10669,1,0,210000
10692,1,0,210000
10693,1,0,210000
10732,21,0,0
10733,50,0,0
10851,109,0,0
10852,34,0,0
10855,51,0,0
10856,51,0,0
10887,88,0,0
10888,43,0,30000
10890,43,0,30000
10898,56,0,4000
10899,56,0,4000
10900,56,0,4000
10901,56,0,4000
10941,82,0,30000
10942,82,0,30000
10945,19,0,8000
10946,19,0,8000
10947,19,0,8000
10967,43,0,0
10968,43,0,0
11007,59,0,10000
11008,59,0,10000
11009,59,0,10000
11013,38,0,0
11020,36,0,0
11084,19,0,6000
11085,85,0,0
11087,21,0,0
11088,21,0,0
11113,250,0,45000
11129,1151,0,180000
11264,35,0,15000
11285,33,0,10000
11286,33,0,10000
11293,40,0,0
11294,40,0,0
11303,82,0,10000
11305,44,0,300000
11314,35,0,15000
11315,35,0,15000
11318,44,0,0
11350,4,0,0
11365,89,0,3600000
11387,4,0,10000
11389,64,0,3000
11390,99,0,1000
11392,37,0,600000
11397,18,0,0
11406,79,0,0
11407,64,0,3000
11416,0,60000,0
11417,0,60000,0
11418,0,60000,0
11419,0,60000,0
11420,0,60000,0
11426,471,0,30000
11427,85,0,6000
11428,0,5000,0
11430,32,0,0
11436,51,0,10000
11443,22,0,0
11445,56,0,4000
11474,99,0,1000
11479,310,0,86400000
11480,310,0,172800000
11481,63,0,0
11504,49,0,0
11515,99,0,1000
11560,350,0,300000
11561,350,0,300000
11578,44,0,15000
11580,49,0,4000
11581,49,0,4000
11584,65,0,5000
11585,65,0,5000
11588,82,0,10000
11589,82,0,10000
11590,82,0,10000
11600,65,0,5000
11601,65,0,5000
11629,59,0,10000
11647,56,0,4000
11732,30,0,0
11739,56,0,30000
11740,56,0,30000
11774,36,0,5000
11775,36,0,5000
11778,40,0,12000
11779,40,0,12000
11780,40,0,12000
11784,82,0,4000
11785,82,0,4000
11791,36,0,0
11820,34,0,0
11821,19,0,0
11824,19,0,6000
11825,19,0,6000
11828,85,0,0
11835,56,0,4000
11836,98,0,0
11837,85,0,0
11841,0,0,1000
11876,32,0,0
11903,4,0,60000
11920,34,0,0
11922,99,0,0
11958,37,0,300000
12001,0,0,420000
12023,34,0,0
12024,34,0,0
12042,0,180000,0
12043,1151,0,180000
12051,0,480000,0
12058,85,0,6000
12097,36,0,0
12166,36,0,0
12170,65,0,0
12245,36,0,0
12246,36,0,0
12252,34,0,0
12279,36,0,0
12292,0,30000,0
12294,971,0,6000
12328,0,180000,0
12331,65,0,0
12332,39,0,30000
12472,0,600000,0
12527,290,0,60000
12528,32,0,0
12544,0,10000,0
12550,0,10000,0
12553,19,0,6000
12561,99,0,1000
12736,0,3600000,0
12747,99,0,0
12787,65,0,0
12795,21,0,0
12809,0,45000,0
12880,21,0,0
12938,391,0,0
12975,0,600000,0
13005,32,0,0
13007,37,0,0
13013,36,0,45000
13018,250,0,45000
13019,250,0,45000
13020,250,0,45000
13021,250,0,45000
13031,471,0,30000
13032,471,0,30000
13033,471,0,30000
13034,471,0,120000
13035,471,0,120000
13036,471,0,120000
13049,23,0,60000
13168,21,0,0
13281,19,0,0
13325,31,0,30000
13327,44,0,0
13339,19,0,0
13340,19,0,0
13341,19,0,0
13342,19,0,0
13374,19,0,0
13441,0,0,8000
13463,23,0,0
13491,0,0,10000
13532,49,0,4000
13582,18,0,0
13585,0,10000,0
13587,0,5000,0
13608,34,0,0
13619,0,0,60000
13711,44,0,0
13728,19,0,0
13729,19,0,0
13736,49,0,0
13747,51,0,10000
13750,0,300000,0
13787,0,10000,0
13795,411,0,15000
13809,411,0,15000
13813,411,0,15000
13821,44,0,0
13835,37,0,300000
13847,132,0,0
13860,19,0,0
13874,37,0,0
13877,0,120000,0
13896,1144,0,180000
13902,32,0,0
13903,25,0,0
13908,671,0,600000
13912,190,2000000,0
13913,0,30000,0
13953,40,0,0
14030,34,0,0
14105,0,0,8000
14108,36,0,0
14112,85,0,6000
14145,19,0,0
14177,0,180000,0
14178,36,0,0
14180,36,0,0
14183,0,120000,0
14185,0,600000,0
14200,85,0,0
14201,21,0,0
14202,21,0,0
14203,21,0,0
14204,21,0,0
14251,133,6000,1000
14260,40,0,6000
14261,40,0,6000
14262,40,0,6000
14263,40,0,6000
14264,40,0,6000
14265,40,0,6000
14266,40,0,6000
14269,65,0,5000
14270,65,0,5000
14271,65,0,5000
14272,82,0,5000
14273,82,0,5000
14274,911,0,8000
14278,0,20000,0
14281,2,0,6000
14282,2,0,6000
14283,2,0,6000
14284,2,0,6000
14285,2,0,6000
14286,2,0,6000
14287,2,0,6000
14288,85,0,10000
14289,85,0,10000
14290,85,0,10000
14294,49,0,60000
14295,49,0,60000
14302,411,0,15000
14303,411,0,15000
14304,411,0,15000
14305,411,0,15000
14310,411,0,15000
14311,411,0,15000
14316,411,0,15000
14317,411,0,15000
14326,33,0,30000
14327,33,0,30000
14514,44,0,0
14515,99,0,0
14529,0,60000,0
14532,36,0,0
14533,36,0,0
14534,36,0,0
14535,36,0,0
14538,36,0,0
14539,36,0,0
14751,0,180000,0
14796,36,0,0
14822,21,0,0
14872,21,0,0
14895,65,0,5000
14897,51,0,0
14916,82,0,5000
14917,82,0,5000
14918,82,0,5000
14919,82,0,5000
14920,82,0,5000
14921,82,0,5000
15039,19,0,0
15041,56,0,5000
15042,36,0,0
15044,56,0,5000
15054,22,0,0
15055,22,0,0
15061,21,0,0
15087,66,0,0
15091,250,0,0
15096,19,0,0
15097,21,0,0
15117,85,0,6000
15122,88,0,0
15167,55,0,0
15236,19,0,6000
15237,431,0,0
15247,31,0,30000
15284,85,0,6000
15286,0,10000,0
15305,85,0,6000
15306,19,0,6000
15398,43,0,0
15430,431,0,0
15431,431,0,0
15432,431,0,5000
15433,431,0,5000
15473,39,0,1500
15474,34,0,0
15475,18,0,0
15487,0,45000,0
15496,85,0,6000
15500,19,0,6000
15501,19,0,0
15503,25,0,0
15504,25,0,0
15507,0,10000,0
15535,99,0,0
15539,31,0,30000
15548,22,0,0
15549,85,0,0
15550,49,0,0
15574,19,0,0
15587,19,0,0
15588,22,0,0
15593,32,0,0
15605,19,0,6000
15609,34,0,0
15611,2,0,0
15612,2,0,0
15613,85,0,6000
15616,19,0,0
15621,65,0,0
15622,85,0,6000
15623,85,0,6000
15629,911,0,8000
15630,911,0,8000
15631,911,0,8000
15632,911,0,8000
15641,65,0,0
15642,65,0,0
15655,88,0,0
15656,0,0,30000
15659,85,0,6000
15663,85,0,6000
15664,18,0,0
15700,4,0,10000
15701,4,0,60000
15716,21,0,0
15744,250,0,0
15749,44,0,0
15752,109,0,0
15787,35,0,0
15797,2,0,0
15852,11,0,60000
15859,99,0,0
15869,23,0,0
15876,36,0,0
15878,36,0,0
15956,38,0,0
15968,73,0,0
15969,73,0,0
16006,85,0,0
16033,85,0,6000
16034,19,0,6000
16046,250,0,0
16050,51,0,10000
16067,0,0,8000
16094,50,0,0
16098,36,0,0
16099,50,0,0
16104,33,0,0
16122,38,0,0
16141,49,0,0
16144,19,0,0
16146,36,0,0
16166,0,180000,0
16169,85,0,0
16170,55,0,0
16171,43,0,0
16172,52,0,0
16188,0,180000,0
16190,591,0,300000
16243,2,0,0
16322,55,0,10000
16340,50,0,0
16349,1,0,0
16350,98,0,0
16390,50,0,0
16396,50,0,0
16407,0,0,8000
16424,49,0,0
16430,99,0,0
16451,190,0,0
16454,0,0,8000
16469,34,0,0
16495,41,0,0
16498,0,0,30000
16552,18,0,0
16576,99,0,0
16617,99,0,1000
16624,0,5000,0
16666,30,0,60000
16689,531,0,60000
16697,82,0,5000
16727,32,0,0
16740,32,0,0
16789,21,0,0
16790,0,5000,0
16792,21,0,0
16804,19,0,0
16810,531,0,60000
16811,531,0,60000
16812,531,0,60000
16813,531,0,60000
16838,0,0,5000
16857,1133,0,6000
16866,18,0,0
16889,99,0,0
16890,4,0,0
16891,99,0,0
16892,99,0,0
16893,99,0,0
16894,99,0,0
16895,99,0,0
16908,0,0,8000
16914,571,0,60000
16979,0,15000,0
17116,0,180000,0
17130,0,3600000,0
17140,451,0,0
17141,451,0,0
17142,451,0,0
17143,40,0,0
17145,250,0,0
17147,19,0,0
17149,19,0,0
17157,2,0,0
17158,18,0,0
17171,2,0,6000
17174,42,0,0
17177,20,0,0
17187,310,0,172800000
17194,19,0,0
17198,65,0,5000
17205,0,10000,0
17207,49,0,0
17230,36,0,0
17233,56,0,0
17244,93,0,0
17253,19,0,10000
17255,19,0,10000
17256,19,0,10000
17257,19,0,10000
17258,19,0,10000
17259,19,0,10000
17260,19,0,10000
17261,19,0,10000
17273,290,0,0
17274,290,0,0
17276,19,0,0
17277,250,0,0
17284,40,0,0
17286,32,0,0
17287,19,0,0
17294,50,0,0
17308,32,0,0
17315,36,0,0
17329,531,0,60000
17351,56,0,0
17354,591,0,300000
17359,591,0,300000
17364,0,20000,0
17390,1133,0,6000
17391,1133,0,6000
17392,1133,0,6000
17401,571,0,60000
17402,571,0,60000
17405,99,0,0
17448,1,0,0
17468,0,0,300000
17469,0,0,300000
17492,19,0,0
17500,32,0,0
17528,4,0,0
17530,4,0,60000
17531,4,0,60000
17534,4,0,10000
17539,99,0,1000
17540,28,0,60000
17543,99,0,1000
17544,99,0,1000
17545,99,0,1000
17546,99,0,1000
17548,99,0,1000
17549,99,0,1000
17559,310,0,86400000
17560,310,0,86400000
17561,310,0,86400000
17562,310,0,86400000
17563,310,0,86400000
17564,310,0,86400000
17565,310,0,86400000
17566,310,0,86400000
17624,37,0,0
17628,99,0,1000
17631,2,0,0
17633,55,0,0
17712,30,0,0
17735,84,0,120000
17750,84,0,120000
17751,84,0,120000
17752,84,0,120000
17770,0,0,60000
17820,36,0,0
17877,651,0,15000
17924,631,0,60000
17925,633,0,120000
17926,633,0,120000
17928,634,0,40000
17962,672,0,10000
18071,11,0,60000
18083,0,0,8000
18085,0,0,8000
18091,0,0,8000
18092,0,0,8000
18100,0,10000,0
18124,11,0,60000
18140,59,0,60000
18144,85,0,0
18149,18,0,0
18165,451,0,0
18204,0,0,8000
18229,11,0,60000
18230,11,0,60000
18231,11,0,60000
18232,11,0,60000
18233,11,0,60000
18234,11,0,60000
18276,0,0,8000
18278,32,0,0
18288,0,180000,0
18289,0,0,30000
18307,1,0,60000
18308,1,0,60000
18309,39,0,30000
18327,32,0,0
18385,30,0,60000
18389,19,0,0
18398,0,0,8000
18435,50,0,0
18499,0,30000,0
18501,21,0,0
18540,0,3600000,0
18560,0,345600000,0
18562,0,15000,0
18649,2,0,6000
18708,0,900000,0
18763,98,0,0
18812,0,5000,0
18819,85,0,6000
18831,31,0,0
18832,4,0,10000
18833,0,0,8000
18867,651,0,15000
18868,651,0,15000
18869,651,0,15000
18870,651,0,15000
18871,651,0,15000
18930,672,0,10000
18931,672,0,10000
18932,672,0,10000
18941,65,0,0
18942,99,0,1000
18943,65,0,0
18956,30,0,60000
18957,30,0,60000
18972,51,0,0
18985,38,0,0
19030,39,0,30000
19128,0,5000,0
19130,65,0,0
19131,44,0,0
19137,51,0,0
19194,65,0,0
19199,0,0,10000
19223,44,0,0
19236,671,0,600000
19238,671,0,600000
19240,671,0,600000
19241,671,0,600000
19242,671,0,600000
19243,671,0,600000
19244,88,0,30000
19260,0,0,8000
19263,0,300000,0
19271,1144,0,180000
19273,1144,0,180000
19274,1144,0,180000
19275,1144,0,180000
19276,691,0,180000
19277,691,0,180000
19278,691,0,180000
19279,691,0,180000
19280,691,0,180000
19289,1144,0,300000
19291,1144,0,300000
19292,1144,0,300000
19293,1144,0,300000
19306,1135,0,5000
19386,1111,0,120000
19434,2,0,6000
19469,99,0,0
19482,32,0,20000
19501,0,30000,0
19503,0,30000,0
19505,12,0,8000
19513,35,0,40000
19514,0,10000,0
19566,791,0,259200000
19574,0,120000,0
19577,1132,60000,0
19632,85,0,6000
19645,37,0,0
19647,88,0,30000
19731,12,0,8000
19734,12,0,8000
19736,12,0,8000
19752,0,3600000,0
19801,0,20000,0
19802,0,3600000,0
19817,65,0,0
19818,65,0,0
19826,23,45000,15000
19827,23,45000,15000
19828,23,75000,15000
19873,0,7000,0
19881,351,0,0
19983,85,0,6000
20066,0,60000,0
20116,932,0,8000
20169,931,0,10000
20216,0,120000,0
20228,290,0,0
20230,132,0,1800000
20252,872,0,30000
20271,0,10000,0
20473,892,0,30000
20484,26,0,1800000
20535,2,0,0
20536,2,0,0
20537,88,0,30000
20539,41,0,0
20543,2,0,0
20545,0,10000,0
20549,0,120000,0
20554,0,180000,0
20559,40,0,120000
20560,40,0,120000
20565,19,0,0
20566,19,0,3000
20568,19,0,5000
20572,0,120000,0
20577,0,120000,0
20580,871,0,10000
20589,0,60000,0
20594,0,180000,0
20600,0,180000,0
20604,99,0,0
20605,85,0,6000
20608,1161,0,3600000
20616,872,0,30000
20617,872,0,30000
20619,43,0,30000
20627,2,0,0
20629,18,0,0
20630,2,0,0
20654,99,0,0
20656,0,0,30000
20666,85,0,6000
20699,99,0,0
20706,56,0,0
20729,25,0,0
20736,911,0,8000
20739,26,0,1800000
20740,99,0,0
20742,26,0,1800000
20747,26,0,1800000
20748,26,0,1800000
20795,19,0,0
20798,0,10000,0
20812,22,0,0
20830,19,0,0
20831,85,0,6000
20832,19,0,0
20869,0,0,8000
20883,0,0,8000
20884,32,0,0
20900,2,0,6000
20901,2,0,6000
20902,2,0,6000
20903,2,0,6000
20904,2,0,6000
20909,1135,0,5000
20910,1135,0,5000
20922,932,0,8000
20923,932,0,8000
20924,932,0,8000
20925,931,0,10000
20927,931,0,10000
20928,931,0,10000
20929,892,0,30000
20930,892,0,30000
21008,40,0,0
21049,55,0,0
21067,18,0,0
21075,43,0,30000
21076,43,0,20000
21099,50,0,0
21149,11,0,60000
21152,32,0,0
21154,19,0,3000
21169,1161,0,3600000
21331,99,0,0
21355,951,0,0
21370,951,0,0
21371,951,0,0
21393,4,0,10000
21394,4,0,10000
21395,4,0,60000
21396,4,0,60000
21403,0,0,3000
21537,951,0,0
21538,951,0,0
21551,971,0,6000
21552,971,0,6000
21553,971,0,6000
21655,44,0,0
21728,951,0,0
21729,951,0,0
21730,951,0,0
21736,0,0,3000
21750,411,0,15000
21787,18,0,120000
21791,46,0,0
21878,66,0,300000
21892,37,0,0
21920,99,0,1000
21935,991,0,86400000
21956,99,0,1000
21970,28,0,0
21971,18,0,0
22007,0,10000,0
22067,54,0,0
22120,44,0,0
22127,99,0,0
22269,19,0,0
22270,0,3600000,0
22335,0,0,60000
22415,99,0,0
22418,0,10000,0
22423,19,0,0
22424,250,0,0
22430,310,0,7200000
22479,2,0,0
22539,50,0,0
22540,85,0,6000
22563,1091,0,0
22564,1091,0,0
22570,33,0,10000
22649,23,0,60000
22687,36,0,0
22692,36,0,0
22729,4,0,60000
22731,11,0,60000
22734,59,0,60000
22743,2,0,0
22751,0,0,4000
22807,99,0,1000
22812,0,60000,0
22842,1011,0,180000
22857,132,0,0
22885,19,0,0
22895,1011,0,180000
22896,1011,0,180000
22908,49,0,60000
22910,411,0,15000
22911,44,0,0
22914,42,0,0
22937,18,0,0
22946,35,0,0
22994,99,0,0
23038,19,0,0
23039,250,0,0
23041,1160,0,1800000
23042,1160,0,1800000
23099,44,0,30000
23103,99,0,0
23104,19,0,0
23105,35,0,0
23106,85,0,6000
23109,44,0,30000
23110,44,0,30000
23113,250,0,0
23114,19,0,0
23145,44,0,30000
23147,44,0,30000
23148,44,0,30000
23206,85,0,0
23207,32,0,0
23224,36,0,0
23267,0,0,8000
23307,93,0,25000
23331,250,0,0
23340,36,0,0
23454,32,0,0
23461,50,0,0
23468,30,0,0
23469,30,0,0
23470,30,0,0
23471,30,0,0
23472,30,0,0
23473,30,0,0
23474,30,0,0
23475,30,0,0
23476,30,0,0
23477,30,0,0
23506,99,0,1000
23537,21,0,0
23540,11,0,60000
23541,11,0,60000
23542,11,0,60000
23692,11,0,60000
23693,0,0,4000
23698,59,0,60000
23786,99,0,1000
23848,971,0,6000
23850,971,0,6000
23851,1071,0,0
23852,1071,0,604800000
23860,451,0,0
23862,18,0,0
23881,971,0,6000
23892,971,0,6000
23893,971,0,6000
23894,971,0,6000
23919,85,0,0
23922,971,0,6000
23923,971,0,6000
23924,971,0,6000
23925,971,0,6000
23931,22,0,0
23951,55,0,0
23960,40,0,0
23964,0,0,4000
23989,0,300000,0
23991,1155,0,1000
24005,11,0,60000
24011,18,0,0
24016,40,0,0
24021,37,0,0
24023,44,0,0
24099,18,0,0
24132,1111,0,120000
24133,1111,0,120000
24178,99,0,0
24184,99,0,0
24185,55,0,0
24193,44,0,0
24213,65,0,0
24224,0,12000,0
24236,49,0,0
24239,1131,0,6000
24274,1131,0,6000
24275,1131,0,6000
24301,38,0,0
24315,44,0,0
24318,21,0,0
24333,65,0,20000
24353,28,0,120000
24355,59,0,60000
24361,4,0,60000
24363,4,0,60000
24364,4,0,60000
24375,32,0,0
24384,11,0,60000
24393,971,0,6000
24407,65,0,0
24408,44,0,0
24409,11,0,60000
24410,11,0,60000
24411,11,0,60000
24415,51,0,0
24423,36,0,0
24427,59,0,0
24438,43,0,0
24450,38,0,10000
24452,38,0,10000
24453,38,0,10000
24530,19,0,0
24577,36,0,0
24578,36,0,0
24579,36,0,0
24583,19,0,4000
24586,19,0,4000
24587,19,0,4000
24597,55,0,10000
24603,55,0,10000
24604,55,0,10000
24605,55,0,10000
24619,99,0,0
24640,19,0,4000
24648,99,0,0
24672,55,0,0
24673,36,0,0
24674,36,0,0
24680,85,0,0
24683,35,0,0
24685,19,0,0
24686,36,0,0
24688,18,0,0
24707,11,0,60000
24800,11,0,60000
24819,85,0,0
24826,0,5000,0
24844,2,0,0
24869,11,0,60000
24893,28,0,0
24933,1138,4000,0
24995,21,0,0
25003,1138,5000,0
25008,2,0,0
25009,2,0,0
25010,2,0,0
25011,2,0,0
25012,2,0,0
25020,0,10000,0
25021,85,0,0
25024,1138,10000,0
25025,19,0,0
25026,1138,10000,5000
25027,1138,2000,0
25028,19,0,0
25030,1138,6000,0
25031,1138,6000,0
25033,35,0,0
25049,250,0,0
25053,18,0,0
25056,32,0,0
25085,97,0,300000
25102,28,0,0
25146,310,0,600000
25151,23,0,0
25174,85,0,0
25175,65,0,0
25189,99,0,0
25190,44,0,0
25191,44,0,0
25262,18,0,0
25288,65,0,5000
25294,85,0,10000
25302,82,0,10000
25378,21,0,0
25424,18,0,0
25425,22,0,0
25497,18,0,0
25515,32,0,0
25598,22,0,0
25599,22,0,0
25660,11,0,60000
25669,0,5000,0
25690,11,0,1500
25691,59,0,1500
25692,11,0,1500
25693,11,0,1500
25695,0,0,60000
25696,0,0,60000
25697,11,0,60000
25698,35,0,30000
25699,35,0,600000
25746,1155,0,1000
25747,1155,0,1000
25750,1155,0,1000
25806,99,0,0
25811,18,0,0
25814,85,0,0
25817,46,0,0
25821,44,0,0
25822,1137,0,0
25851,0,0,60000
25863,330,0,3000
25990,11,0,60000
25991,18,0,0
26030,11,0,60000
26038,49,0,0
26043,43,0,0
26048,19,0,0
26052,18,0,0
26059,35,0,600000
26064,0,180000,0
26066,1,0,60000
26069,88,0,0
26071,99,0,0
26081,44,0,0
26082,44,0,0
26083,49,0,0
26090,0,60000,0
26099,43,0,0
26103,63,0,5000
26104,63,0,0
26177,44,0,25000
26178,44,0,25000
26179,44,0,25000
26187,0,60000,0
26188,0,60000,0
26194,19,0,0
26195,99,0,0
26197,99,0,0
26198,99,0,0
26201,44,0,25000
26226,0,0,4000
26258,99,0,0
26259,99,0,0
26260,0,0,60000
26261,0,0,60000
26263,11,0,60000
26276,99,0,1000
26281,36,0,5000
26296,0,180000,0
26297,0,180000,0
26378,99,0,0
26389,59,0,10000
26401,0,0,60000
26402,0,0,60000
26472,0,0,60000
26473,0,0,60000
26474,0,0,60000
26475,0,0,60000
26527,21,0,0
26550,35,0,0
26573,932,0,8000
26601,18,0,0
26613,1152,0,0
26616,63,0,0
26652,971,0,6000
26655,330,0,3000
26662,21,0,0
26681,1142,0,0
26682,1142,0,0
27184,1139,0,0
27190,1139,0,0
27191,1139,0,0
27201,1139,0,0
27202,1139,0,0
27203,1139,0,0
27204,0,180000,0
27254,19,0,0
27517,1139,0,0
27530,571,0,0
27533,99,0,1000
27534,99,0,1000
27535,99,0,1000
27536,99,0,1000
27538,99,0,1000
27540,99,0,1000
27543,39,0,0
27545,39,0,0
27554,85,0,0
27564,54,0,0
27567,85,0,0
27577,872,0,0
27580,971,0,6000
27581,109,0,60000
27602,0,3600000,0
27607,56,0,4000
27610,43,0,30000
27615,270,0,20000
27617,39,0,300000
27619,37,0,300000
27623,35,0,15000
27632,2,0,6000
27634,42,0,0
27680,21,0,0
27685,44,0,25000
27689,55,0,0
27740,0,3600000,0
27753,411,0,15000
27757,32,0,0
27758,32,0,0
27759,0,15000,0
27766,1138,0,0
27779,56,0,0
27794,85,0,6000
27799,431,0,0
27800,431,0,0
27801,431,0,0
27806,2,0,0
27808,1152,0,5000
27810,1152,0,5000
27869,30,0,60000
27870,1145,0,600000
27871,1145,0,600000
27879,0,5000,0
27881,0,5000,0
27882,0,5000,0
27897,21,0,0
27993,0,0,30000
27995,55,0,0
28125,1152,0,0
28131,21,0,0
28146,0,60000,0
28148,0,60000,0
28167,85,0,0
28168,85,0,0
28293,85,0,0
28314,0,5000,0
28329,22,0,0
28334,49,0,0
28338,1152,0,6000
28339,1152,0,6000
28350,36,0,0
28354,1149,0,0
28391,44,0,0
28401,44,0,0
28408,1152,0,0
28412,633,0,120000
28418,0,0,4000
28419,0,0,4000
28420,0,0,4000
28440,36,0,0
28479,1152,0,8000
28498,21,0,0
28609,56,0,30000
28610,56,0,30000
28616,11,0,60000
28673,1152,0,0
28725,32,0,0
28747,21,0,0
28760,0,0,60000
28765,0,0,1000
28766,0,0,1000
28768,0,0,1000
28769,0,0,1000
28770,0,0,1000
28783,1152,0,0
28785,1152,0,20000
28796,1152,0,0
28797,1152,0,30000
28798,1152,0,0
28815,0,180000,0
28858,99,0,0
28913,40,0,0
28961,1152,0,0
28991,34,0,0
28994,1152,0,20000
29007,59,0,60000
29008,11,0,60000
29029,59,0,1500
29041,59,0,10000
29055,11,0,60000
29060,1152,60000,10000
29061,0,30000,0
29073,11,0,60000
29142,0,15000,0
29166,0,360000,0
29169,18,0,0
29207,44,0,0
29208,44,0,0
29209,44,0,0
29210,44,0,0
29211,44,0,0
29212,22,0,0
29220,59,0,60000
29228,19,0,6000
29236,4,0,60000
29306,36,0,0
29310,1152,0,0
29325,18,0,0
29429,1152,0,10000
29430,1152,0,5000
29432,99,0,1000
29506,0,0,1000
29851,49,0,0
29915,40,0,0
29940,0,0,60000
29943,32,0,0
30018,4,0,10000
30076,1159,0,0
30081,36,0,420000
30092,250,0,0
30112,44,0,0
30133,1159,0,10000
30161,0,60000,0
30167,0,3600000,0
30225,32,0,0
31378,19,0,0
31700,330,0,3000
