DisplayId,Scale
4,1
13,1
14,1
15,1
16,1
17,1
18,1
19,1
20,1
21,1
22,1
23,1
26,1
30,0.4
31,1
33,1
38,1.15
39,1
40,1
42,1
49,1
50,1
51,1
52,1
53,1
54,1
55,1
56,1
57,1
58,1
59,1.35
60,1.25
62,1.3
64,1
65,1
68,1
69,1
71,1
73,1
74,1
79,1
80,1
86,1
87,1
88,1
89,1
91,1
92,1
93,1
94,1
95,1
96,1
97,1
98,1
99,1
100,1
101,1
102,1
103,1
104,1
105,1
106,1
107,1
108,1
109,1
110,1.5
112,1
113,1
115,1
123,1
125,1
126,1
127,1
128,1
129,1
130,1
134,1.3
137,1
138,1
139,1
140,1
141,1
143,1
145,1
146,1
148,1
149,1
150,1
151,1
152,1
157,1
158,1
159,1
160,1
161,1
162,1
163,1
164,1
165,1
166,1
167,1
168,1
169,1
170,2
171,1
172,1
173,1
174,1.1
175,1
176,1
177,1
178,1
179,1
180,0.6
181,1
182,1
184,1
186,1
188,1.1
190,1
191,1
193,1
194,1
195,1
196,1
197,1
198,1
200,0.85
201,1
202,1
203,1
204,1
207,1.2
208,1
210,1
211,1
212,1
213,1
214,1
215,1
218,1
221,1
224,1
225,1
226,1
227,1
228,1
229,1
231,1
232,1
235,1
236,1
237,1
238,1
239,1
240,1
242,1
243,1
244,1
245,1.25
246,1
247,1.2
251,1
252,1
257,1
258,1
262,1
263,1.1
267,1
268,1
269,0.95
275,1
277,1
278,1
280,1
282,1
283,1
285,1
286,1
295,1
298,1
299,1
300,1
301,1
302,1
304,1
308,1
309,1
310,1
312,1
314,1
316,1
317,1
320,1
321,1
322,1
326,1
327,1
328,1
330,1
332,1
336,1
337,1
338,1
341,1
342,1
344,1
346,1
347,1
348,1
351,1
352,1
355,1
358,1
360,1
363,1
365,0.85
366,0.55
367,0.85
368,0.55
369,0.8
370,1.3
371,1.5
372,0.65
373,1.15
374,1
375,1
376,1.3
377,0.6
378,1.1
379,1.15
380,0.85
381,0.75
382,0.4
383,1.15
384,1.15
385,0.9
386,1.75
387,0.85
388,1.3
389,0.75
390,0.5
391,2
397,1.5
399,2.25
400,1.75
410,0.85
413,1.15
414,1.3
415,1
416,1.6
418,0.7
423,1
424,1
425,0.75
427,0.8
428,1
429,1
430,1.15
433,0.5
441,1
447,0.4
448,1.75
453,0.6
456,1.5
457,2
459,1.2
467,1
470,1
471,1.5
473,1
478,1.75
479,1
480,2
481,1
482,1
483,1
486,1.15
487,1
488,1.3
489,1
490,0.75
491,1.15
492,1.15
493,1.3
494,1.3
495,1.2
496,1.1
497,1
498,0.5
499,1.1
500,1.15
501,1.5
502,1.3
503,0.6
504,0.9
505,1.15
506,1.75
507,2
508,1.1
511,1.5
512,0.85
513,0.4
514,0.85
515,0.9
516,1.05
517,1.2
518,1.75
519,1.15
520,0.7
522,1.3
523,1.75
524,1.15
525,0.85
527,0.85
528,1.1
529,1.05
531,0.9
533,1.3
534,1
535,1
536,1.75
538,0.5
539,0.75
540,1.3
543,1.3
544,1.2
545,0.85
546,1.05
547,1.2
548,1.3
549,0.5
550,0.85
551,1.15
553,1.3
555,1.1
556,1
557,1.15
558,1.5
559,1.15
560,0.9
561,0.9
563,1.6
564,1.45
565,1.1
566,0.9
567,1.1
568,1.15
569,1.15
570,1.15
571,1.5
574,1.3
575,1.05
576,1.05
578,1.2
580,1.4
584,0.95
585,1.17
586,0.9
588,1
589,10
590,1.1
591,1.3
592,1.2
593,1.4
597,1.6
598,0.85
599,1
601,0.85
603,1.5
604,0.55
605,0.8
606,0.55
607,0.6
609,1.3
610,1.3
611,0.7
612,1.15
613,1.45
614,1.3
615,1.15
616,1.5
617,0.85
621,1.5
622,1.75
623,1.1
624,1.2
625,1.5
627,1.2
628,0.85
631,1.3
632,1.15
633,1.15
634,1.1
636,0.9
637,1.1
638,0.9
641,0.85
643,0.85
644,0.65
646,0.9
647,0.65
648,0.85
649,0.85
651,0.45
652,1.5
654,0.6
655,1.45
656,1.1
657,0.85
658,0.9
659,0.8
660,1.1
661,0.8
662,1.15
664,1.35
665,1.1
666,0.75
667,0.9
668,1.2
670,0.55
671,0.6
672,0.6
673,0.7
674,0.55
675,0.6
676,0.65
677,0.7
679,0.9
680,0.9
681,2
682,1.5
691,1.6
692,1.2
693,1.5
694,1
695,0.75
696,0.5
697,1.5
698,1.15
699,1.5
703,1.3
704,1
705,1.5
706,1.3
707,1
709,0.4
711,0.55
713,1
714,1.15
715,1.3
716,1.3
719,0.85
720,1
721,1.3
722,1.15
723,0.9
726,0.85
729,1
730,0.7
732,1
733,1.15
734,1.15
735,1.2
736,1.15
741,1.15
742,1.2
743,0.9
744,1
748,0.7
749,1
751,1
752,1
753,1
754,1
755,1
757,1.3
759,0.7
760,0.55
762,1.15
763,0.85
764,0.7
765,1
767,1.15
768,0.5
774,1.3
775,1.5
776,1.3
780,1
781,0.85
782,1.15
783,0.9
784,0.9
785,0.7
787,0.7
788,1.15
790,1
791,1
792,4.5
793,1
794,1
795,1
796,1
797,1
798,1.3
800,2
801,0.85
802,1
803,1
806,1
807,1
809,1.15
810,1
814,0.85
815,1.15
816,1.1
820,1.15
821,0.85
822,1
824,1
825,1
827,0.55
828,1
829,0.9
830,1.15
831,0.55
832,1
833,0.85
834,0.9
835,0.9
836,1.5
837,1
838,1
839,1
840,1.15
841,0.8
842,0.7
843,0.75
844,1.15
845,0.75
846,1.5
847,0.85
848,1
850,0.5
852,0.75
853,0.8
855,0.4
856,1
857,1
858,1.15
859,1.5
860,0.33
862,0.75
863,1
864,1
865,1.3
867,1
868,1
869,1
870,1
876,1
883,0.9
892,0.9
897,1
900,0.9
901,1
902,0.85
903,0.7
904,1
907,1
908,1
909,0.5
910,0.6
911,1
913,1
915,1
917,1.5
918,0.8
924,1
925,0.7
927,0.95
929,0.55
931,0.85
933,0.9
934,1.05
935,1.15
936,1.2
937,1.1
945,0.65
947,0.9
948,0.8
949,0.85
950,0.7
953,1
954,0.85
955,0.7
956,1
957,0.25
958,0.55
959,0.55
960,0.55
961,1.3
963,1
964,1
965,1.2
967,0.8
968,0.9
969,1
970,1.1
971,1.2
972,1.3
974,1.5
975,0.9
976,1
979,1
981,1
982,1.15
983,1
984,1.15
985,0.75
986,0.95
987,1
990,0.85
991,0.95
992,1
993,1.1
994,1.15
995,1.3
996,0.75
997,0.75
998,0.8
999,0.85
1000,0.85
1001,1.15
1004,1
1005,0.85
1006,0.85
1007,1.15
1008,0.85
1010,1
1011,1.1
1012,1.5
1013,0.85
1014,0.85
1015,1.15
1016,0.75
1017,1.2
1018,1.75
1019,0.85
1021,1
1023,1
1025,1
1027,1
1029,1
1030,0.85
1031,0.75
1032,0.75
1034,0.4
1035,0.4
1036,0.55
1037,0.6
1038,1
1039,0.7
1040,0.7
1041,0.8
1042,0.85
1043,1
1045,1
1048,1
1049,1
1050,1
1051,1.6
1052,1.15
1054,1.3
1055,1.3
1056,1
1057,1.1
1058,1.15
1059,0.85
1060,1
1061,1
1062,1
1063,1
1064,1
1065,1
1067,1
1068,0.85
1070,1
1072,1
1073,0.2
1074,0.85
1075,0.6
1076,0.85
1077,0.9
1078,1.15
1079,1.5
1080,0.7
1081,0.3
1082,1.5
1083,1.5
1084,1
1086,1.3
1087,0.85
1088,1
1089,1.15
1090,1.15
1091,1
1092,1
1094,1.5
1095,2
1097,0.6
1098,1.45
1099,3
1100,0.7
1101,1
1102,1
1103,0.85
1104,1.15
1105,1.15
1106,1.5
1107,1
1108,0.6
1109,0.75
1110,1
1114,0.95
1115,1
1120,1.9
1122,1.1
1125,1
1126,0.5
1127,0.4
1128,0.3
1129,0.15
1130,1
1131,0.6
1132,0.8
1133,1.5
1134,1.75
1135,1.3
1136,2
1137,2.5
1138,1
1139,1
1140,1
1141,1
1142,1.05
1143,1.1
1144,1.05
1145,1.15
1146,1.75
1147,0.8
1148,1.3
1149,1
1150,0.4
1151,1.15
1152,1.1
1153,1.15
1154,1.1
1155,1.2
1156,1.2
1157,1
1159,0.4
1160,0.1
1161,0.85
1162,1
1163,1
1164,1.3
1165,1
1166,1.2
1167,1.5
1170,1.5
1176,0.8
1185,0.85
1192,1
1193,1.35
1194,1.5
1196,1.15
1197,1
1198,1
1200,1
1201,1
1202,1
1204,1.5
1206,1
1207,1.15
1208,1.15
1210,2
1213,0.5
1214,1
1216,0.85
1217,0.85
1218,0.8
1219,0.7
1220,0.85
1221,0.85
1222,0.95
1223,1.1
1225,1
1226,0.9
1228,0.7
1229,0.85
1230,1
1231,1.2
1232,1.5
1233,1
1236,0.8
1237,1
1241,1.3
1244,1
1245,1
1246,0.55
1247,1.5
1248,0.7
1250,0.4
1251,0.5
1252,0.9
1253,1.25
1254,0.9
1255,1
1256,1.15
1258,1
1259,0.65
1260,1.15
1261,1
1262,1
1267,1
1269,1
1274,1
1275,1
1276,1
1277,1
1278,1
1279,1
1280,1
1281,1
1282,1
1283,1.3
1284,1.15
1285,1
1286,1
1287,1
1288,1
1289,1
1290,1
1291,1
1292,1
1293,1
1294,1
1295,1
1296,1
1297,1
1298,1
1299,1
1300,1
1302,1.5
1303,0.75
1304,1.8
1305,1.3
1306,1.5
1307,0.7
1308,1.5
1309,1.4
1310,1
1311,1
1312,1
1313,1
1314,1
1315,1
1316,1
1317,1
1318,1
1319,1
1320,1
1321,1
1322,1.5
1323,1
1324,1
1325,1
1326,1
1327,1
1328,1
1329,1
1330,1
1331,1
1332,1
1333,1
1334,1
1335,1
1336,1
1337,1
1338,0.8
1339,1.5
1340,1.15
1341,1.3
1342,1.3
1343,1.2
1344,1.25
1345,1.35
1346,1.1
1348,1.1
1349,1.2
1350,1.15
1351,0.85
1352,1.3
1354,1
1355,1
1356,1
1357,1
1358,1
1359,1
1360,1
1361,1
1362,1
1363,1
1364,1
1366,1
1367,1
1368,1
1369,1
1370,1
1371,1
1372,1
1373,1
1374,1.1
1375,1
1376,1
1377,1
1378,1
1379,1
1380,1
1381,1
1382,1
1383,1
1384,1
1385,1
1386,1
1387,1
1388,1
1389,1
1390,1
1391,1
1392,1
1393,1
1394,1
1395,1
1396,1
1397,1
1398,1
1399,1
1400,1
1401,1
1402,1
1403,1
1404,1
1405,0.6
1406,1
1407,1
1408,1
1409,1
1410,1
1411,1
1412,0.75
1413,1
1415,4
1416,1
1417,1
1418,1
1420,1.4
1421,0.7
1423,1
1424,1
1425,1
1426,1
1427,1
1428,1
1429,1
1430,1
1431,1
1432,1
1433,1
1434,1
1435,1
1436,1
1437,1
1438,1
1439,1
1440,1
1441,1
1442,1
1443,1
1444,1
1445,1
1446,1
1447,1
1448,1
1449,1
1450,1
1451,0.85
1452,1.1
1453,1.3
1454,0.85
1455,1
1460,3
1461,3
1466,1
1467,0.6
1468,0.8
1469,1
1470,1
1471,1
1472,1
1473,1
1474,1
1477,1
1478,1
1479,1
1480,1
1481,1
1482,1
1483,1
1484,1
1485,1
1486,1
1487,1
1488,1
1489,1
1490,1
1491,1
1492,1
1493,1
1494,1
1495,1
1496,1
1497,1
1498,1
1499,1
1500,1
1501,1
1502,1
1503,1
1504,1
1505,1
1506,1
1507,1
1508,1
1509,1
1510,1
1511,1
1512,1
1513,1
1514,1
1515,1
1516,1
1517,1
1518,1
1519,1
1520,1
1521,1
1522,1
1523,1
1524,1
1525,1
1526,1
1527,1
1528,1
1529,0.7
1531,1
1532,1
1533,0.9
1534,1
1535,0.85
1536,1.15
1537,0.85
1538,1
1539,1.15
1540,1.1
1541,1
1542,1.2
1543,1
1544,1
1545,1
1546,1
1547,1
1548,1
1549,1.3
1550,0.9
1551,1
1552,1
1555,2
1556,1.5
1557,1
1558,1.05
1559,1.05
1560,0.75
1561,1
1562,1
1563,1.15
1564,1.15
1565,1
1566,1
1567,1
1568,1
1569,1
1570,1
1571,1
1572,1
1573,1
1574,1
1575,1
1576,1
1577,1
1578,1
1579,1
1580,1
1581,1
1582,1
1583,1
1584,1
1585,1
1586,1
1587,1
1588,1
1589,1
1590,1
1591,1
1592,1
1593,1
1594,1
1595,1
1596,1
1597,1
1598,1
1599,1
1600,1
1601,1
1602,1
1603,1
1604,1
1605,1
1606,1
1607,1
1608,1
1609,1.1
1610,0.75
1611,1
1612,1
1613,1
1614,1
1615,1
1616,1
1617,1
1618,1
1619,1
1620,1
1621,1
1622,1
1623,1
1624,1.35
1625,1
1626,1
1627,1
1628,1
1629,1
1630,1
1631,1
1632,1
1633,1
1634,1
1635,1
1636,1
1637,1
1638,1
1639,1
1640,1
1641,1
1643,1
1644,1
1645,1
1646,1
1647,1
1648,1
1649,1
1650,1
1651,1
1652,1
1653,1
1654,1
1655,1
1656,1
1657,1
1658,1
1659,1
1660,1
1661,1
1662,1
1663,1
1664,1
1665,1
1666,1
1667,1.35
1668,1
1669,1
1670,1
1671,1
1672,1
1673,1
1674,1
1675,1
1676,1
1677,1
1678,1.35
1679,1
1680,1
1681,1
1682,1
1683,1
1684,1
1685,1
1686,1
1687,1
1688,1.15
1689,1
1690,1
1691,1
1692,1
1693,1.45
1694,1
1695,1
1696,1
1697,1
1698,0.75
1699,1
1700,1
1701,1
1702,1
1703,1
1704,1
1705,1
1706,1
1707,1
1708,1
1709,1
1710,1
1711,1
1712,1
1713,1
1714,1
1715,1
1716,1
1717,1
1718,1
1719,1
1720,1
1721,1
1722,1
1723,1
1724,1
1725,1
1726,1
1727,1
1728,1
1729,1
1730,1
1731,1
1732,1
1733,1
1734,1
1735,1
1736,1
1737,1
1738,1
1739,1
1740,1
1741,1
1742,0.55
1743,1
1744,0.7
1745,1
1746,0.7
1747,0.85
1748,1
1749,0.75
1750,1
1751,0.85
1752,0.6
1753,1
1754,0.75
1755,0.9
1756,1
1757,1
1758,1
1759,1
1760,1
1761,1.1
1762,1
1763,1.5
1764,1
1765,1
1766,1
1767,1
1768,1
1769,1
1770,1
1771,1
1772,2
1773,2
1774,1
1775,1
1776,1
1777,1
1778,1
1779,1
1780,1
1781,1
1782,1
1783,1
1784,1
1785,1
1786,1
1787,1
1788,1
1789,1
1790,1
1791,1
1792,1
1793,1
1794,1
1795,1
1796,1
1797,1
1798,1
1799,1
1800,1
1801,1
1802,1
1803,1
1804,1
1805,1
1806,1
1807,1
1808,1
1809,1
1810,1
1811,1
1812,1
1813,1
1814,1
1815,1
1816,1.3
1817,1.3
1818,0.7
1819,0.55
1820,1
1821,1
1822,1
1823,1
1824,1
1825,1
1826,1
1827,1
1828,1
1829,1
1830,1
1831,1
1832,1.15
1833,1
1834,1
1835,1
1836,1
1837,1
1838,1
1839,1
1840,1
1841,1
1842,1
1843,1
1844,1
1845,1
1846,1
1847,1
1848,1
1849,1
1850,1
1851,1
1852,1
1853,1
1854,1
1855,1
1856,1
1857,1
1858,1
1859,1
1860,1
1861,1
1862,1
1863,1
1864,1
1865,1
1866,1
1867,1
1868,1
1869,1
1870,1
1871,1.1
1872,1
1873,0.7
1874,1
1875,1
1876,1
1877,1
1878,1
1879,1
1880,1
1881,1
1882,1
1883,1
1884,1
1885,1
1886,1
1887,1
1888,0.9
1889,1.15
1890,1.15
1891,1
1892,1
1893,1
1894,1
1895,1
1896,1
1897,1
1898,1
1899,1
1900,1
1901,1
1902,1
1903,1
1904,1.35
1905,1.25
1906,1
1907,1
1908,1
1909,1
1910,0.9
1911,1.1
1912,1.2
1913,1
1914,1
1915,1
1916,1
1917,1
1918,1.3
1921,1
1923,1
1924,1
1925,1
1926,1
1927,1
1928,1
1929,1
1930,1.15
1931,1
1932,1
1933,1.2
1934,1.15
1935,1
1936,1
1937,1
1938,0.85
1939,1
1940,0.55
1941,1.62
1942,1.5
1943,1
1944,1
1945,1
1947,1.15
1948,1
1950,1.1
1951,1.15
1952,1.3
1954,0.6
1955,0.45
1956,1
1957,1
1958,1.1
1959,0.7
1960,0.55
1961,1
1962,1.15
1963,1
1964,1
1965,1
1967,0.8
1968,1
1969,1
1970,1
1971,0.95
1972,0.9
1973,1
1974,0.85
1975,0.7
1976,1
1977,1.3
1978,1
1979,1.3
1980,1
1981,0.6
1982,1
1983,1
1984,1
1985,1
1986,1
1987,1
1988,1.75
1989,0.85
1990,1.3
1991,1
1992,1.15
1993,1.5
1994,1.15
1995,1.5
1996,1.3
1997,1.5
1998,1.6
1999,1.3
2000,1.4
2001,1.25
2002,1.5
2003,1.4
2004,1.45
2005,1
2006,1
2007,1
2008,0.9
2009,0.7
2010,1
2011,1
2012,0.85
2013,1
2014,1.15
2015,1.15
2016,1.1
2017,1.15
2018,1.3
2019,1.3
2020,1.5
2021,1.3
2022,1
2023,1.15
2024,1.3
2025,1
2026,1.62
2027,1
2028,1
2029,1.2
2030,0.7
2031,1.1
2032,1
2033,2
2034,1
2035,1
2036,1
2037,1
2038,1
2039,1
2040,1
2041,1.3
2042,1.2
2043,1.25
2044,1
2045,1
2046,1
2047,1
2048,1
2049,1
2050,1
2051,1
2052,1
2053,1
2054,1
2055,1
2056,1
2057,1
2058,1
2059,1
2060,1
2061,1
2062,1
2063,1
2064,1
2065,1
2066,1
2067,1
2068,1
2069,0.3
2070,1
2071,1.15
2072,1
2073,1
2074,1
2075,1
2076,1
2077,1.5
2078,2
2079,1.5
2080,1
2082,1.35
2083,1.35
2084,1.35
2085,1.35
2086,1.35
2087,1.35
2088,1.35
2089,1.35
2090,1.35
2091,1.35
2092,1.35
2093,1.35
2094,1.35
2095,1.35
2096,1.35
2097,1.35
2098,1.35
2099,1.35
2100,1.35
2101,1.35
2102,1.35
2103,1.35
2104,1.35
2105,1.35
2106,1.35
2107,1.25
2108,1.25
2109,1.25
2110,1.25
2111,1.25
2112,1.25
2113,1.25
2114,1.25
2115,1.25
2116,1.25
2117,1.25
2118,1.25
2119,1.25
2120,1.25
2121,1.25
2122,1.25
2123,1.25
2124,1.25
2125,1.25
2126,1.25
2127,1.25
2128,1.35
2129,1.35
2130,1.35
2131,1.35
2132,1.25
2133,1.25
2134,1
2135,1
2136,1
2137,1
2138,1
2139,1
2140,1.35
2141,1.35
2142,1
2143,1
2144,1
2145,1
2146,1
2147,1
2148,1
2149,1
2150,1
2151,1
2152,1.2
2153,1.3
2154,0.7
2155,0.85
2156,0.9
2157,1.1
2158,1.15
2160,1.1
2161,1.3
2162,0.85
2163,1.3
2164,1.4
2165,1.5
2166,1
2167,1.2
2168,1.75
2169,0.7
2170,0.85
2172,0.75
2173,0.55
2174,1.15
2175,0.85
2176,1
2177,1
2178,1.25
2179,0.85
2180,1.15
2181,1
2182,1
2183,1
2184,1.15
2185,1
2186,1
2187,1
2188,1
2189,1
2190,1
2191,1
2192,1
2193,1
2194,0.5
2195,0.65
2196,1
2197,1
2198,1
2199,1
2200,1
2201,1
2202,1
2203,1
2204,1
2205,1
2206,1
2207,1
2208,1
2209,1
2210,1
2211,1
2212,1
2213,1
2214,1
2215,1
2216,1
2217,1
2218,1
2219,1
2220,1
2221,1
2222,1
2223,1
2224,1
2225,1
2226,1
2227,1
2228,1
2229,1
2230,1
2231,1
2232,1
2233,1
2234,1
2236,0.3
2237,0.9
2238,0.5
2239,0.5
2240,1
2241,1
2242,1
2243,1
2244,1
2245,1
2246,1
2247,1
2248,1
2249,1
2250,1
2251,1
2252,1
2253,1
2254,1
2255,1
2256,1
2257,1
2258,1
2259,1
2260,1
2261,1
2262,1
2263,1
2264,1
2265,1
2266,1
2267,1
2268,1
2269,1
2270,1
2271,1
2272,1
2273,1
2274,1
2275,1
2276,1
2277,1
2278,0.4
2279,1.8
2280,1
2281,1
2283,1
2284,1
2285,1
2286,1
2287,1
2288,1
2289,1.2
2290,1.2
2292,1
2293,1.5
2294,1.15
2295,1.3
2296,1
2297,1.15
2298,1.3
2299,1.15
2300,1.3
2301,1.2
2302,1.25
2303,0.9
2305,1
2306,1
2307,1.15
2308,1.3
2309,0.75
2311,1
2312,1
2313,1
2314,1
2315,1
2316,1
2317,1
2318,1
2319,1
2320,1.2
2321,1
2322,1
2323,1
2324,1
2325,1
2326,1.2
2327,1.2
2328,1.2
2329,1
2330,1
2331,1
2332,1
2333,1
2335,1
2336,1
2337,1
2338,1
2339,1
2340,1
2341,1
2342,1
2343,1
2344,1
2345,1
2346,1
2347,1
2348,1
2349,1
2350,1
2352,2
2353,1.2
2354,1
2355,1
2357,1
2358,1
2359,1
2360,1
2361,1
2362,1
2363,1
2364,1
2365,1
2366,1
2367,1
2368,1
2369,1
2370,1
2371,1
2372,1
2373,1
2374,1
2375,1
2377,1
2378,1.3
2379,1
2380,1
2381,1
2382,1
2383,1
2384,1
2386,1
2387,1
2388,1
2389,1
2390,1
2391,1
2392,1
2393,1
2394,1
2395,1
2396,1
2397,1
2398,1
2399,1
2400,1
2401,1
2402,1
2403,1
2404,1
2405,1
2407,1
2408,1
2409,1
2410,1
2411,1.35
2412,1.25
2413,1
2414,1
2415,1
2416,1
2417,1
2418,0.7
2419,0.7
2420,0.7
2421,1
2422,1
2423,1.5
2424,1
2425,1
2426,1
2427,1
2428,1
2429,2
2432,1
2433,1
2434,1
2435,1
2436,1
2437,0.85
2438,1.05
2439,0.95
2440,1
2441,0.95
2442,1
2443,1
2444,0.95
2445,1.05
2446,1
2447,1
2448,1
2449,1.25
2450,3
2451,1
2452,1.15
2453,1.5
2454,1.05
2455,0.95
2456,1.2075
2457,1.0925
2458,1
2459,1
2460,1
2461,1
2462,1
2463,1
2464,1
2465,1
2466,1
2467,1
2468,1
2469,1
2470,1
2471,1
2472,1
2473,1
2474,1
2475,1
2476,1
2477,1
2478,1
2479,1
2480,1
2481,1
2482,1
2483,1
2484,1
2485,0.7
2486,0.85
2487,0.85
2488,1
2489,1.2
2490,1
2491,1.15
2492,1
2493,1
2494,1
2495,1
2496,1
2497,1
2498,1
2499,1
2500,1
2501,1
2502,1
2503,1
2504,1
2505,1
2506,1
2507,1
2508,1
2509,1
2510,1
2511,1
2512,1
2513,1
2514,1
2515,1
2516,1
2517,1
2518,1
2519,1
2520,1
2521,1
2522,1
2523,1
2524,1
2525,1
2526,1
2528,0.95
2529,1
2530,1
2531,1
2532,1
2533,1.15
2534,1
2535,1
2536,0.1
2537,1
2538,0.7
2539,0.85
2540,0.6
2541,0.7
2542,1.15
2543,0.85
2544,0.7
2545,0.7
2546,1.3
2548,0.85
2549,1.15
2550,1.3
2552,1.2
2554,1.25
2557,1
2558,1
2561,1
2562,1
2563,1
2564,1
2565,1
2567,1.15
2568,0.85
2569,1.15
2570,0.9
2571,1
2572,1
2573,1.75
2574,1.3
2575,1
2576,1
2577,1
2578,1.35
2579,1.25
2581,1.15
2582,1.25
2583,1.25
2584,1
2585,1
2586,1
2587,1
2588,1
2589,1
2590,1.15
2591,1
2592,1.15
2593,1
2594,1
2595,1
2596,1
2597,1.15
2598,1
2599,1.15
2600,1.15
2601,1.3
2602,1.15
2603,1
2604,1
2605,1
2606,1.5
2607,1
2608,1
2609,1.3
2610,1
2611,1
2612,1
2613,1
2614,1
2615,1
2616,1
2617,1
2618,1
2619,1
2620,1
2621,1
2622,1
2623,1
2624,1
2625,1
2626,1
2627,1
2628,1
2629,1
2630,1
2631,1
2632,1
2633,1
2634,1
2635,1
2636,1
2637,1
2638,1
2639,1
2640,1
2641,1
2642,1
2643,1
2644,1
2645,1
2646,1
2647,1
2648,1
2649,1
2650,1
2651,1
2652,1
2653,1
2654,1
2655,1
2656,1
2657,1
2658,1
2659,1
2660,1
2661,1
2662,1
2663,1
2664,1
2665,1
2666,1
2667,1
2668,1
2669,1
2670,1
2671,1
2672,1
2673,1
2674,1
2675,1
2676,1
2677,1
2678,1
2679,1
2680,1
2681,1
2682,1
2683,1
2684,1
2685,1
2686,1
2687,1.5
2688,1
2689,1
2690,1
2691,1
2692,1
2693,1
2694,1
2695,1
2696,1
2697,1
2698,1
2699,1
2700,1
2702,1
2703,1
2704,1.35
2705,0.85
2706,0.7
2707,1.15
2708,1.3
2709,0.85
2710,0.85
2711,1
2712,1.15
2713,1
2714,1.15
2715,1.3
2716,0.85
2717,1
2718,1
2719,1
2720,0.9
2721,1
2722,1
2723,1
2725,1
2726,0.85
2727,1.1
2728,1
2729,1
2730,1
2731,0.85
2732,1
2733,1
2734,1
2735,1
2736,1
2737,1
2738,1.35
2739,1.35
2740,1
2741,1.15
2742,1.15
2743,1
2764,1.3
2765,1.15
2766,1.3
2767,1.75
2768,1.75
2784,1
2785,1
2786,1
2787,1
2788,1
2789,1
2790,1
2810,1
2811,1
2830,0.75
2831,1.35
2832,1.75
2833,1
2834,1
2835,0.85
2836,1
2837,2
2838,2
2850,1.3
2851,1
2852,1
2853,1
2854,1
2855,1
2856,1
2857,1
2858,1
2859,1
2860,1
2861,1
2862,1
2863,1
2864,0.85
2865,1
2866,1
2867,1
2869,1
2870,1
2871,1
2872,1.15
2873,1
2874,1
2875,1
2876,1
2877,1
2878,1.3
2879,2
2880,1.75
2882,1
2883,1
2884,1.15
2885,1
2886,1
2887,1
2888,1
2889,1
2890,1
2891,1.15
2892,1.35
2893,1
2894,1
2895,1.35
2896,1
2897,1.15
2898,1
2899,1
2900,1
2901,1.25
2902,1.5
2903,1
2910,1
2930,0.25
2950,1.15
2951,1.35
2952,1
2953,1
2954,1
2955,1
2956,1
2957,1
2958,1
2959,1
2960,1
2961,1
2962,1
2963,1
2964,1
2965,1
2966,1
2967,1
2968,1
2969,1
2970,1.2
2971,1
2972,1
2973,1
2974,1
2975,0.4
2976,1
2977,1
2978,1
2979,1
2980,1
2981,1
2982,1
2983,1
2984,1
2985,1
2986,1
2987,1
2988,1
2989,1
2990,1
2991,1
2992,1
2993,1
2994,1
2995,3
2996,0.55
2997,1
2998,1
2999,1
3000,1.25
3001,1
3002,1.35
3003,1
3004,1
3005,0.4
3006,0.55
3007,1
3010,1
3011,1
3012,0.85
3013,0.9
3014,1
3015,1
3016,1
3017,1
3018,1.5
3019,1
3020,1
3021,1
3022,1.15
3023,1
3024,1
3026,1.5
3027,1
3028,1.2
3029,1.3
3030,1
3031,1.15
3032,1.15
3033,0.7
3034,1
3035,1.15
3036,1
3037,1
3038,1
3039,1
3040,1.15
3041,1
3042,1
3043,1
3044,1
3045,1
3046,1
3047,1
3048,1
3049,1
3050,1
3051,1
3052,1.15
3053,1
3054,1
3055,1.15
3056,1
3057,1
3058,1
3059,1
3060,1
3061,1
3062,1
3063,1
3064,1
3065,1
3066,1
3067,1
3068,1
3069,1
3070,1
3071,1
3072,1
3073,1
3074,1.1
3075,1
3076,1
3077,1
3078,1
3079,1
3080,1
3081,1
3082,1
3083,1
3084,1
3085,1
3086,1
3087,1
3088,1
3089,1
3090,1
3091,1
3092,1
3093,1
3094,1
3095,1
3096,1
3097,1
3098,1
3099,1
3100,1
3101,1
3102,1
3103,1
3104,1.15
3105,1.15
3106,1.15
3107,1.15
3108,1.15
3109,1.15
3110,1.15
3111,1.15
3112,1.15
3113,1.15
3114,1.15
3115,1.15
3116,1.15
3117,1.15
3118,1.15
3119,1.15
3120,1.15
3121,1.15
3122,1
3123,0.7
3124,1.15
3125,1.15
3126,0.6
3127,1
3128,1
3129,1.35
3130,1
3131,1
3132,1
3133,1
3134,1
3135,1
3136,1
3137,1
3138,1
3139,1
3140,1
3141,1
3142,1
3143,1
3144,1
3145,1
3146,0.5
3166,1
3167,1
3186,1
3187,1.15
3188,1.3
3189,0.85
3190,1.15
3192,1.5
3193,1.44
3194,1.15
3195,1.15
3196,1.15
3197,1
3198,1.15
3199,1
3200,1.75
3201,1.3
3202,1.15
3203,1.3
3204,1.15
3205,1.3
3206,1
3207,1.15
3208,1.3
3209,1.5
3210,1
3211,1.15
3212,1.3
3213,0.9
3214,1
3215,1.15
3216,1.15
3217,1.15
3218,1.15
3219,0.9
3220,1.15
3222,1.2
3223,1
3224,1
3225,1
3226,1
3227,1
3228,1
3229,1
3230,1
3231,1
3232,0.5
3233,1.5
3234,1
3235,1.5
3236,1
3237,1
3238,1
3246,1
3247,1
3248,1
3249,1
3250,1
3251,1
3252,1
3253,1
3254,1
3255,0.6
3256,1
3257,1
3258,1
3259,1
3260,1
3261,1
3262,1
3263,1
3264,1
3265,1
3266,1
3267,1
3268,1
3269,1
3270,1
3271,1
3272,1
3273,1
3274,1
3275,1
3276,1
3277,1
3278,1
3279,1
3280,1
3281,1
3282,1
3283,1
3284,1
3285,1
3286,1
3287,1
3288,1
3289,1
3290,1
3291,1
3292,1
3293,1
3295,1
3296,1
3297,1
3298,1
3299,1
3300,1
3301,1
3302,1
3303,1
3304,1
3305,1
3306,1
3307,1
3308,1
3309,1
3310,1
3311,1
3312,1
3313,1
3314,1.15
3315,1.15
3316,1.15
3317,1
3318,1
3319,1
3320,1
3321,1
3322,1
3323,1
3324,1
3325,1
3326,1
3327,1
3328,1
3329,1
3330,1
3331,1
3332,1
3333,1
3334,1
3335,1
3336,1
3337,1
3338,1
3339,1
3340,1
3341,1
3342,1
3343,1
3344,1
3345,1
3346,1
3347,1
3348,1
3349,1
3350,1
3351,1
3352,1
3353,1
3354,1
3355,1
3356,1
3357,1
3358,1
3359,1
3360,1
3361,1
3362,1
3363,1
3364,1
3365,1
3366,1
3367,1
3368,1
3369,1
3370,1
3371,1
3372,1
3373,1
3374,1
3375,1
3376,1
3377,1
3378,1
3379,1
3380,1
3381,1
3382,1
3383,1
3384,1
3386,1.3
3387,1
3388,1
3389,1
3390,1
3391,1
3392,1
3393,1
3394,1
3395,1
3396,1
3397,1
3398,1
3399,1
3400,1
3401,1
3403,1
3405,1
3406,1
3407,1
3408,1
3409,1
3410,1
3411,1
3412,1
3413,1
3414,1
3415,1
3416,1
3417,1
3418,1
3419,1
3420,1
3421,1
3422,1
3423,1
3424,1
3425,1
3426,1
3427,1
3428,1
3429,1
3430,1
3431,1
3432,1
3433,1
3434,1.1
3435,1
3436,1
3437,1
3438,1
3439,1
3440,1.15
3441,1.15
3442,1.35
3443,1
3444,1
3445,1
3446,1
3447,1
3448,1
3449,1
3450,1
3451,1
3452,1
3453,1
3454,1
3455,1
3456,1
3457,1.15
3458,1
3459,1
3460,1
3461,1
3462,1
3463,1
3464,1
3465,1
3466,1
3467,1
3468,1
3469,1.15
3470,1
3471,1
3472,1
3473,1
3474,1
3475,1
3476,1
3477,1
3478,1
3479,1
3480,1
3481,1
3482,1.15
3483,1
3484,1
3485,1
3486,1
3487,1
3488,1
3489,1
3490,1
3491,1
3492,1
3493,1
3494,1
3505,1
3506,1
3507,1
3508,1
3509,1
3510,1
3511,1
3512,1
3513,1
3514,1
3515,1
3516,1
3517,1
3518,1
3519,1
3520,1
3521,1
3522,1
3523,1
3524,1
3525,1
3526,1
3527,1
3528,1
3529,1
3530,1
3531,1
3532,1
3533,1
3534,1
3535,1
3536,1
3537,1
3538,1
3539,1
3540,1
3541,1
3542,1
3543,1
3544,1
3545,1
3546,1
3547,1
3548,1
3549,1
3550,1.35
3551,1
3552,1
3553,1
3554,1
3555,1
3556,1.35
3557,1
3558,1
3559,1
3560,1
3561,1.15
3562,1.15
3563,1
3564,1
3565,1
3566,1
3567,1
3568,1.15
3569,1.15
3570,1
3571,1
3572,1
3573,1
3574,1
3575,1
3576,1
3577,1
3578,1
3579,1
3580,1
3581,1
3582,1
3583,1.15
3584,1.15
3585,1
3586,1
3587,1.15
3588,1.15
3589,1
3590,1
3591,1
3592,1
3593,1
3594,1
3595,1
3596,1
3597,1.2
3598,1
3599,1
3600,1
3601,1
3602,1
3603,1
3604,1
3605,1
3606,1
3607,1.15
3608,1
3609,1
3610,1
3611,1
3612,1
3613,1
3614,1
3615,1.2
3616,1
3617,1.3
3618,1
3619,1
3620,1
3621,1
3622,1
3623,1
3624,1
3625,1
3626,1
3627,1
3628,1
3629,1
3630,1
3631,1
3632,1
3633,1
3634,1
3635,1
3636,1
3637,1
3638,1
3639,0.5
3640,0.8
3641,1
3642,1
3643,1
3644,1
3645,1
3646,1
3647,1
3648,1
3649,1
3650,1
3651,1
3652,1
3653,1
3654,1
3655,1
3656,1
3657,1
3658,1
3659,1
3660,1
3661,1
3662,1
3663,1
3664,1
3665,1
3666,1
3667,1
3668,0.85
3669,0.5
3670,0.5
3671,1
3672,1
3673,1
3674,1
3675,1
3676,1
3677,1
3678,1
3679,1
3680,1
3681,1
3682,1
3683,1
3684,1
3685,1
3686,1
3687,1
3688,1
3689,1
3690,1
3691,1
3692,1
3693,1
3694,1
3695,1
3696,1
3697,1
3698,1
3699,1
3701,1
3702,1
3703,1
3704,1
3705,1
3706,1
3707,1
3708,1
3709,1
3710,1
3711,1
3712,1
3713,1
3714,1
3715,1
3716,1
3717,1
3718,1
3719,1
3720,0.9
3721,1
3722,1
3723,1
3724,1
3725,1
3726,1
3727,1
3728,1
3729,1
3730,1
3731,0.5
3732,1
3733,1.15
3734,1
3735,1
3736,1
3737,1
3738,1
3739,1
3740,1
3741,1
3742,1
3743,1
3744,1
3745,1
3746,1
3747,1
3748,1
3749,1
3750,1
3751,1
3752,1
3753,1
3754,1
3755,1
3756,1
3757,1
3758,1
3759,1
3760,1
3761,1
3762,1
3763,1
3764,1
3765,1
3766,1
3767,1
3768,1
3769,1.1
3770,1.25
3771,1.35
3772,1.25
3773,1.35
3774,1.35
3775,1.35
3776,1.35
3777,1.35
3778,1.35
3779,1.25
3780,1.25
3781,1.25
3782,1.35
3783,1.35
3784,1.25
3785,1
3786,1
3787,1
3788,1
3789,1
3790,1
3791,1
3792,1.35
3793,1.35
3794,1.35
3795,1.35
3796,1.35
3797,1.25
3798,1.25
3799,1.35
3800,1.35
3801,1.35
3802,1.35
3803,1.35
3804,1.35
3806,1.25
3807,1.25
3808,1.35
3809,1.35
3810,1.35
3811,1.35
3812,1.35
3813,1.35
3814,1.35
3815,1.35
3816,1.35
3817,1.35
3818,1.35
3819,1.35
3820,1.25
3821,1.35
3822,1.35
3823,1.35
3824,1.35
3826,1.35
3827,1
3828,1
3829,1
3830,1
3832,1
3833,1
3834,1
3835,1
3836,1
3837,1
3838,1
3839,1
3840,1
3841,1.25
3842,1
3843,1.35
3844,1.35
3845,1.35
3846,1
3847,1
3848,1.25
3849,1
3850,1
3851,1
3852,1
3853,1
3854,1
3855,1
3856,1
3857,1
3858,1
3859,1
3860,1
3861,1
3862,1
3863,1
3864,1
3865,1
3866,1
3867,1.25
3868,1
3869,1
3870,1
3871,1
3872,1.35
3873,1
3874,1
3875,1.25
3876,1
3877,1
3878,1
3879,1
3880,1
3881,1.35
3882,1
3883,1
3884,1
3885,1.15
3886,1
3887,1
3888,1
3889,1.35
3890,1
3892,1
3893,1.25
3894,1
3895,1.35
3896,1.25
3897,1
3898,1.35
3899,1
3900,1
3901,1
3902,1
3903,1
3904,1
3905,1
3906,1
3907,1.35
3908,1
3909,1
3910,1
3911,1
3912,1
3913,1
3914,1.35
3915,1
3916,1
3917,1
3918,1
3919,1
3920,1
3921,1
3922,1
3923,1
3924,1
3925,1
3926,1
3927,1
3928,1
3929,1
3930,1
3931,1
3932,1
3933,1
3934,1
3935,1
3936,1
3937,1
3938,1
3939,1
3940,1.15
3941,1
3942,1
3943,1
3944,1
3945,1
3946,1
3947,1
3948,1
3949,1
3950,1
3951,1
3952,1
3953,1
3954,1
3956,0.45
3957,1
3958,1
3959,1
3960,1
3961,1
3962,1
3963,1
3964,1
3965,1
3966,1
3967,1
3968,1
3969,1
3970,1
3971,1
3972,1
3973,1
3974,1
3975,1
3976,1
3977,1
3978,1
3979,1
3980,1
3981,1
3982,1
3983,1
3984,1
3985,1
3986,1
3987,1
3988,1
3989,1
3990,1
3991,1
3992,1
3993,1
3994,1
3995,1
3996,1
3997,1
3998,1
3999,1
4000,1
4001,1
4002,1
4003,1
4004,1
4005,1
4006,1
4007,1
4008,1
4009,1
4010,1
4011,1
4012,1
4013,1
4014,1
4015,1
4016,1
4017,1
4018,1
4019,1
4020,1
4021,1
4022,1
4023,1
4024,1
4025,1
4026,1
4027,1
4028,1
4029,1
4030,1
4031,1
4032,1
4033,1
4034,1
4035,1
4036,1
4037,1
4038,1
4039,1
4040,1
4041,1
4042,1
4043,1
4044,1
4045,1
4046,1
4047,1
4048,1
4049,1.15
4050,1
4051,1.15
4052,1
4053,1
4054,1
4055,1
4056,1
4057,1
4058,1
4059,1
4060,1
4061,1
4062,1
4063,1
4064,1
4065,1.5
4066,1
4067,1.2
4068,1
4069,1
4070,1
4071,1
4072,1
4073,1
4074,1
4075,1
4076,1
4077,1
4078,1
4079,1
4080,1
4081,1
4082,1
4083,1
4084,1
4085,1
4086,1
4087,1
4088,4
4089,1
4090,1
4091,0.55
4092,1
4093,1
4094,1
4095,1
4096,1
4097,1
4098,1
4099,1
4100,1
4101,1
4102,1
4103,1
4104,1
4105,1
4106,1
4107,1
4108,1
4109,1
4110,1
4111,1
4112,1
4113,1
4114,1
4115,1
4116,1
4117,1
4118,1
4119,1
4120,1
4121,1
4122,1
4123,1
4124,1
4125,1
4126,1
4127,1
4128,1
4129,1
4130,1
4131,1
4132,1
4133,1
4134,1
4135,1
4136,1
4137,1
4138,1
4139,1
4140,1
4141,1
4143,1
4144,1
4145,1
4146,1
4147,1
4148,1
4149,1
4150,1
4151,1
4152,1
4153,1
4154,1
4155,1
4156,1
4157,1
4158,1
4159,1
4160,1
4161,1
4162,1
4163,1
4164,1
4165,1
4166,1
4167,3
4168,0.75
4169,1
4170,1
4171,1
4172,1
4173,1
4175,1
4176,1
4177,1
4178,1
4179,1
4180,1
4181,1
4182,1
4183,1
4185,0.1
4186,1
4187,1
4188,1
4189,1
4190,1
4191,1
4192,1
4193,1
4194,1
4195,1
4196,1
4197,1
4198,1
4199,1
4200,1.6
4201,1
4202,1
4203,1
4204,1
4205,1
4206,1
4207,1
4208,1
4209,1
4210,1
4211,1
4212,1.1
4213,1.2
4214,1.2
4215,1.2
4216,1
4217,1
4218,1
4219,1
4220,1
4221,1
4222,1
4223,1
4224,1
4225,1
4226,1
4227,1
4228,1
4229,1
4230,1
4231,1
4232,1
4233,1
4234,1
4235,1
4236,1
4237,1
4238,1
4239,1
4240,1
4241,1
4242,1
4243,1
4244,1
4245,1
4246,1
4247,1
4248,1
4249,1
4250,1
4251,1
4252,1
4253,1
4254,1
4255,1
4256,4.5
4259,1
4260,1
4261,1
4262,1.35
4263,1.25
4264,1
4265,1.35
4266,0.7
4267,0.85
4268,0.75
4269,1.6
4270,1.15
4271,1
4272,1
4273,1
4274,1
4275,1
4276,1
4277,1
4278,1
4279,1
4280,1
4281,1
4282,1
4283,1
4284,1
4285,1.15
4286,1.15
4287,1.15
4288,1.35
4289,1.35
4290,1
4291,1
4292,1
4293,1
4294,1
4295,1
4296,1
4297,1
4298,1.35
4299,1.35
4300,1.35
4301,1.35
4302,1
4303,1
4304,1
4305,1
4306,1.35
4307,1.62
4308,1.35
4309,1
4310,1
4311,1
4312,0.75
4313,1
4314,1
4315,1
4316,1.15
4317,0.5
4318,1.35
4319,1
4320,1
4321,1
4322,1
4323,1
4324,1
4325,1
4326,1
4327,1
4328,1
4329,1
4330,1
4331,1
4332,1
4333,1
4334,1
4335,1
4336,1
4337,1
4338,1
4339,1
4340,1
4341,1
4342,1
4343,0.6
4345,1
4346,1
4347,1
4348,1
4349,1
4350,1
4351,1
4352,1
4353,1
4354,1
4355,1
4356,1
4357,1
4358,1
4359,1
4360,1
4361,1
4362,1
4363,1
4364,1
4365,1
4366,1
4367,1
4368,1
4369,1
4370,1
4371,1
4372,1
4373,1
4374,1
4375,1.25
4376,1
4377,1
4378,1
4379,1
4380,1
4381,1
4382,1
4383,1.25
4384,1
4385,1
4386,1
4387,1
4388,1
4389,1
4390,1
4391,1
4392,1
4393,1
4394,1
4395,1
4396,1
4397,1
4398,1
4399,1
4400,1
4401,1
4402,1
4403,1
4404,1
4405,1
4406,1
4407,1
4408,1
4409,1
4410,1
4411,1
4412,1
4413,1
4414,1
4415,1
4416,1
4417,1
4418,1
4419,1
4420,1
4421,1
4422,1
4423,1
4424,1.15
4426,1.3
4427,1.3
4428,1
4429,1
4430,1
4431,1
4432,1
4433,1
4434,1.2
4435,1.5
4436,1
4437,1
4438,1
4439,1
4440,0.6
4441,1.2
4442,1
4443,1
4444,1
4445,0.75
4446,1
4447,0.6
4448,0.8
4449,0.5
4450,1
4451,1
4452,1.6
4453,1.15
4454,1
4455,1
4456,0.85
4457,1
4458,1.3
4459,1
4460,1
4461,1
4462,1
4463,1
4464,1
4465,1
4466,5
4467,4.5
4468,4
4469,1
4470,1
4471,1
4472,1
4473,0.85
4474,1.15
4475,1
4476,1
4477,1
4478,1
4479,1
4480,0.85
4481,1
4482,1
4483,1
4484,1
4485,1
4486,0.85
4487,1
4488,1
4489,1
4490,1
4491,1
4492,1
4493,1.15
4494,1
4495,1
4496,1
4497,1
4498,1
4499,1
4500,1
4501,1
4502,1
4503,1
4504,1
4506,1
4508,1
4510,1.5
4511,1.35
4512,1.35
4513,1.25
4514,1
4515,1.1
4516,1.35
4517,1.35
4518,1.35
4519,1.62
4520,1.35
4521,1
4522,1
4523,1
4524,1
4525,1
4526,1
4527,1.2
4528,1
4529,1.25
4530,1
4531,1
4532,1
4533,1.25
4534,1
4535,0.85
4536,1
4537,1
4538,1.25
4539,1
4540,1
4541,1.25
4542,1.35
4543,1
4544,1
4545,1
4546,1
4547,1
4548,1
4549,1
4550,1
4551,1
4552,1
4553,1
4554,1
4555,1
4556,1
4557,1
4558,1
4559,1
4560,1
4561,1
4562,1
4563,1
4564,1
4565,1
4566,0.6
4567,1
4568,1.35
4569,1
4570,1
4571,1
4572,1
4573,1
4574,1
4575,1
4576,1
4577,1
4578,1.3
4579,1
4580,1.2
4581,1.1
4582,1.5
4583,1.3
4584,1.1
4585,1.5
4587,1
4588,1
4589,1
4590,1
4591,1
4592,1
4593,1
4594,1
4595,1
4596,1
4597,1
4598,1
4599,1
4600,1
4601,1
4602,1
4603,1.2
4604,1.35
4605,1.25
4606,0.7
4607,0.5
4608,1.35
4609,1
4610,1
4611,1
4612,1.1
4613,1
4614,1.25
4615,0.25
4616,1
4617,1
4618,1
4619,1
4620,1
4621,1.1
4622,1
4623,1.1
4624,1
4625,1
4626,1
4627,1
4628,1
4629,1
4631,1.15
4632,1
4633,1.4
4634,1.6
4635,1.1
4636,0.9
4637,1
4638,1
4639,1
4640,1
4641,1
4642,1.4
4643,1.25
4644,1.5
4645,1.2
4646,1.4
4647,1
4648,1.35
4649,1
4652,1.6
4653,1.1
4656,1
4657,1
4658,1
4660,1
4661,1.6
4663,1
4664,1
4665,1
4666,1
4667,1
4668,1
4669,1
4670,1
4671,1
4672,1
4673,1
4674,1
4675,1
4676,1
4677,1
4678,1
4679,1
4680,1
4681,1
4682,1
4683,1
4684,1
4685,1
4686,1
4688,1.15
4689,1
4690,1
4691,1
4692,1
4693,1
4694,1
4695,1.25
4696,1
4697,1
4698,1
4699,1
4700,1
4701,1
4702,1
4703,1
4704,1
4705,1
4706,1
4707,1
4708,1
4709,1
4710,1
4711,1
4712,1
4713,1.3
4714,1.5
4715,1.35
4716,1
4717,1.15
4718,1
4720,1
4721,1
4725,1
4726,1.35
4727,1
4728,1
4729,1
4730,1
4731,1
4732,0.1
4733,0.15
4734,0.15
4735,0.45
4745,1.15
4746,1.3
4747,1.4
4748,1.3
4749,1.3
4750,1.4
4751,1.4
4752,1.2
4753,1.3
4754,1.5
4755,1
4756,1.4
4757,1.4
4758,1.25
4759,0.6
4761,1.15
4762,1
4763,1
4764,1
4765,1
4766,0.85
4767,0.8
4768,0.8
4769,1
4770,1
4771,1
4772,1
4773,1
4774,1
4775,1.15
4776,1
4777,1
4778,1
4779,1
4780,1
4781,1
4782,1
4785,1
4805,1.5
4806,1
4807,1.3
4825,1
4826,1
4827,1
4828,1
4829,1
4830,1
4831,1
4832,1
4833,1
4834,1
4835,1
4836,1
4837,1
4838,1
4839,1
4840,1
4841,1
4842,1
4843,1
4844,1
4845,1
4846,1
4847,1
4848,1
4849,1
4850,1
4851,1
4852,1
4853,1
4854,1
4855,1
4856,1
4857,1
4858,1
4859,1
4860,1.5
4861,1
4862,1
4864,1.15
4865,1.15
4866,1
4867,1
4868,0.5
4869,0.7
4870,0.8
4871,1
4872,2
4873,1.15
4874,1.15
4875,1.15
4877,1
4878,1
4885,1
4886,1
4887,1
4888,1
4889,1
4890,1
4891,1
4892,1
4893,1
4894,1
4895,1.15
4896,1.15
4897,1
4898,1
4899,1
4900,1
4901,1
4902,1
4903,1
4905,1
4906,0.55
4907,1
4908,1
4909,1
4910,1.5
4911,1
4912,1.1
4913,1.1
4914,1.1
4915,1.1
4916,1
4917,1
4918,1
4919,1
4920,1.5
4921,0.9
4922,1.3
4923,1.3
4924,1
4925,1
4926,1
4927,1
4928,1
4929,1
4930,1
4931,1
4932,1
4933,1
4934,1
4935,1
4936,1
4937,1
4938,1
4939,1.2
4940,1
4941,1
4942,1
4943,1
4944,1
4945,1.75
4946,1
4947,1
4948,1
4949,1
4950,1
4951,1
4952,1.35
4953,1.15
4954,1
4955,1
4956,1
4957,1
4958,1
4959,0.8
4960,0.8
4961,1.25
4962,1
4963,1
4964,1
4965,1
4966,1
4967,1
4968,1
4969,1
4970,1
4971,1
4972,1
4973,1
4974,1
4975,1
4976,1
4977,0.9
4978,1.15
4979,1.3
4980,0.85
4981,1.15
4982,1.15
4983,0.85
4985,1
4986,1
4987,1
4988,1
4989,1
4990,1
4991,1
4992,1.35
4993,1
4994,1
4995,1
4996,1
4997,1
4998,1
4999,1.15
5000,1
5001,1
5003,0.95
5004,1
5005,1
5006,1
5007,1
5008,0.9
5009,1
5010,1
5012,1
5013,1
5014,1
5015,1.15
5016,1.15
5017,1.15
5018,1.15
5019,1
5020,1
5021,1
5022,1
5023,1
5025,1.75
5026,1
5027,1.5
5028,1.2
5029,1.3
5030,0.6
5032,1
5033,1.15
5034,1
5035,1
5036,1
5037,1
5038,1
5039,1
5040,1
5041,1
5042,1.15
5043,1
5044,1
5047,1
5048,1
5049,1
5050,1
5051,1
5052,1
5065,1
5066,0.1
5067,0.1
5068,0.2
5069,0.1
5070,1
5071,1
5072,1.2
5073,1
5074,1
5075,1
5076,1
5077,1
5078,1
5079,1
5080,1
5081,1
5082,1
5083,1
5084,1
5085,1
5086,1
5087,1
5088,1
5089,1
5090,1
5091,1
5092,1
5093,1.15
5105,1
5106,1
5107,2
5108,1.35
5125,0.1
5126,1
5127,1.75
5128,1
5129,1
5130,1
5131,1
5145,0.85
5146,1
5165,1
5166,1
5167,1
5186,1
5187,1
5190,1
5205,1.35
5206,1
5207,0.25
5225,1
5226,1
5227,1
5228,1
5229,1
5230,1
5231,1.15
5232,1
5233,1
5234,1
5235,1
5236,1
5237,1
5238,2.5
5239,2.5
5240,2.5
5241,2
5242,2
5243,2
5244,1.5
5245,1.5
5246,0.5
5265,1.5
5266,1.25
5285,1.5
5286,2
5287,2
5288,2.25
5289,2.25
5290,1.75
5291,2
5292,2.25
5293,2
5294,1.3
5295,1.75
5296,2.5
5297,1.15
5299,1
5305,3
5306,2.5
5307,1
5325,1.75
5326,1.5
5327,0.75
5345,1
5346,1
5365,1
5366,1
5367,1
5368,1
5369,1
5370,1
5371,1.25
5372,1.35
5373,1.35
5374,1
5375,1
5376,1.15
5377,1.15
5378,1.15
5379,1.5
5385,1
5386,1.5
5405,1
5406,1.35
5407,1
5408,1
5409,1
5410,1
5425,1.15
5426,1
5427,1.15
5428,1.15
5429,0.9
5430,0.75
5431,1.5
5432,1.5
5433,1.15
5434,1
5435,1.15
5436,1.2075
5437,1.0925
5438,1.2075
5439,1
5440,1
5441,1
5442,1
5443,1.2075
5444,1
5445,1
5446,1
5447,1.2
5448,0.5
5449,1
5450,1.3
5451,1.15
5465,1
5485,1.15
5486,1.35
5487,1.25
5488,1.25
5489,1.75
5490,1.25
5491,0.3
5492,0.7
5493,0.85
5494,0.75
5497,1.3
5498,2
5499,1
5505,1
5506,1.25
5507,1.35
5508,1
5509,1
5510,0.6
5525,1
5526,1
5527,1
5528,1.2
5529,1
5530,1
5531,1
5532,1
5533,1
5534,1.2
5535,1
5545,1
5546,1
5547,1
5548,1
5549,1
5550,1
5551,1
5552,1
5553,1
5554,0.5
5555,0.5
5556,0.5
5557,0.1
5558,0.1
5559,0.1
5560,0.1
5561,1
5562,1.15
5563,1.5
5564,2
5565,1
5566,1
5567,1
5568,1
5569,1
5570,1
5571,1
5572,1
5573,1
5574,1
5575,1
5576,1
5577,1
5585,0.5
5586,0.5
5605,0.75
5606,0.75
5607,0.8
5608,0.8
5609,0.9
5610,0.8
5611,1.2
5612,0.9
5613,0.9
5625,1.2
5626,0.8
5645,1.5
5646,1
5647,1.0925
5648,1
5665,0.4
5685,1
5705,1
5706,1
5707,1
5708,1
5709,1.2
5710,1
5711,1
5712,0.6
5725,1
5726,1
5727,1
5728,1
5729,0.8
5730,1
5745,1
5746,1.1
5747,1.3
5748,1
5749,1
5751,1
5752,1
5753,1
5754,1.25
5765,1.3
5766,0.75
5767,1
5768,1
5769,1
5770,1
5771,1.2
5772,1
5773,1.2
5774,1
5775,0.95
5776,1
5777,1
5778,1.35
5779,1
5780,1.75
5781,1.15
5782,1.3
5783,1
5784,1
5785,1
5786,1
5805,1
5806,1
5807,1
5808,1
5809,1
5810,1
5811,1
5812,1
5813,1.2
5814,1
5815,1
5816,1
5817,1
5818,1
5819,1
5820,1
5821,1
5822,1
5823,1
5824,1
5825,1
5826,1
5827,1
5828,1
5829,1
5830,1
5831,1.2
5832,1
5845,1
5846,1
5847,1.25
5848,2
5849,1.75
5850,2
5851,1.5
5865,1.2
5866,0.2
5885,1
5905,0.25
5906,2
5907,1
5908,1
5909,1
5910,1
5925,1.5
5926,1
5927,1
5945,1.5
5965,1.5
5966,0.25
5985,0.5
5986,1
5987,1
5988,1.5
5989,1.5
5990,2
5991,1
6005,1
6006,1
6007,1
6009,1.2
6010,1.2
6025,1.5
6026,1.5
6028,0.75
6029,1.1
6030,1
6031,1.1
6032,0.9
6033,1
6034,1.05
6035,1.1
6036,1.5
6037,1.1
6038,1.05
6039,1
6040,1.1
6041,1.3
6042,1.2
6043,1.2
6044,1.2
6045,1
6046,1
6047,1
6048,1
6049,1
6050,1.5
6051,1
6052,1
6053,1
6054,1
6055,1
6056,1
6057,1
6058,1
6059,1
6060,1
6061,1
6062,1
6063,1
6064,1
6065,1
6066,1.35
6067,1
6068,1.5
6069,1.3
6070,1.75
6071,1
6072,1.15
6073,1.25
6074,1
6075,1
6076,1.3
6077,1
6078,1.2
6079,1.5
6080,1.5
6081,1.7
6082,1.5
6083,1.5
6084,1.2
6085,1.3
6086,1.15
6087,0.85
6088,0.9
6089,1.2
6090,0.9
6091,1.15
6092,1.3
6093,1.15
6094,1.15
6095,1.4
6096,1
6097,1.5
6098,1.3
6099,1.2
6100,1.5
6101,0.8
6102,1.6
6103,1.4
6104,1.4
6105,1.3
6106,1
6108,1.25
6109,1.25
6110,1.2
6111,1.3
6112,1.4
6113,1.1
6114,1.4
6115,1.4
6116,1.2
6117,1.5
6118,1
6119,1
6120,1
6121,1
6122,1.5
6123,1.7
6124,1.5
6126,1.2
6127,1
6128,1
6148,2
6168,1.6
6170,1.3
6171,2.05
6172,1.15
6173,1.3
6189,0.25
6190,0.25
6191,0.25
6192,0.25
6193,1
6194,1
6195,1.15
6196,1.3
6197,0.5
6198,1.1
6208,1.485
6209,1.6
6210,1
6211,1.3
6212,1.3
6213,1.25
6214,1.25
6228,1
6229,1
6230,1
6231,1
6232,1
6233,1
6234,1
6248,0.5
6268,1
6269,1.25
6270,1.25
6271,1
6288,0.5
6290,0.5
6291,0.5
6292,0.5
6293,0.5
6294,0.3
6295,1
6296,1
6297,1
6298,0.25
6299,0.25
6300,0.25
6301,1
6302,1
6303,1
6308,1
6328,1
6348,1
6349,1
6350,2.5
6351,1.75
6352,3
6353,1
6368,0.5
6369,1.5
6370,1.3
6371,1
6372,1.5
6373,1.3
6374,1
6375,1.15
6376,0.85
6377,1.3
6378,1.75
6379,2
6380,1
6388,1
6389,1
6390,1
6391,1
6392,1
6393,1
6394,1
6395,1
6396,1
6397,1
6398,1
6399,1
6400,1
6401,1
6402,1
6403,1
6404,1
6405,1
6406,1
6407,1
6408,1
6409,1
6410,1
6411,1
6412,1
6413,1
6414,1
6415,1
6416,1
6417,1
6418,1
6419,1
6420,1
6421,1
6422,1
6423,1
6424,1
6425,1
6426,1
6427,1
6428,1
6429,1
6430,1
6431,1.5
6432,1
6433,1
6434,1
6435,1
6436,1.2
6437,1.2
6438,1
6439,1.2
6440,1.2
6441,1
6442,1.5
6443,1.5
6444,1.5
6446,1.15
6447,1.5
6448,1.5
6449,1
6468,1
6469,1
6470,1
6471,1
6472,1
6473,1
6474,1.3
6475,1.3
6476,1.3
6477,1.3
6478,1.3
6479,0.95
6480,1
6481,0.95
6482,1
6483,1
6484,1
6485,1.05
6486,1.05
6487,1.1
6488,1.1
6489,1.05
6490,1.05
6491,1
6492,1
6493,1.1
6494,1.1
6495,1.15
6496,1.15
6497,1.05
6498,1.05
6508,1
6509,1
6510,1.15
6511,1.15
6512,1.05
6513,1.05
6514,1.05
6515,1.05
6528,1.3
6529,1.15
6530,1.1
6531,3
6532,2.5
6533,1.5
6534,1.2
6535,1
6536,1
6537,0.4
6538,1.05
6539,1.05
6540,1.2
6541,1.2
6542,1
6543,1.05
6544,1
6545,1.15
6546,1
6547,1
6548,1
6549,1
6550,1.35
6551,1
6552,3
6553,1
6554,1.25
6568,1
6569,1
6570,1
6571,1
6572,1
6573,1
6574,1
6575,1
6588,1
6589,0.75
6590,1
6608,1.15
6609,1.15
6610,1.15
6611,1.15
6628,1.15
6629,1.15
6630,1
6631,1
6632,1.15
6633,0.4
6649,1
6668,1
6669,1
6670,1
6671,1
6672,1
6673,1
6674,2
6675,1
6676,1
6677,1
6678,0.8
6679,0.8
6680,0.9
6681,0.9
6682,1.1
6684,1
6685,1
6686,3
6687,1.2
6688,2.5
6690,1.1
6692,0.85
6693,1
6694,1
6695,1
6696,1
6697,1.2
6698,1
6699,1
6700,1
6701,1
6702,1
6703,1
6704,1.3
6705,1.15
6707,1
6708,1
6709,1
6710,1.15
6711,1.15
6712,1.15
6713,1.15
6714,1.15
6715,1
6716,1
6717,1
6718,1
6719,1
6720,1
6721,1
6722,1
6723,1
6724,1
6725,1
6726,1
6727,1
6728,1
6729,1
6730,1
6731,1
6732,1
6733,1.15
6734,1
6735,1.15
6736,1.15
6737,1.5
6738,1
6739,1
6740,1
6741,1.15
6742,1
6743,1.5
6744,1
6745,0.8
6746,1.4
6747,1.3
6748,1.5
6749,1.3
6750,1.5
6751,0.75
6752,1
6753,1
6754,1
6755,1
6756,1.15
6757,1.15
6758,0.9
6759,1.2
6760,1.5
6761,1
6762,1.25
6763,1.5
6764,0.9
6765,1.1
6766,1.2
6767,1.15
6768,1
6769,1
6770,1
6771,1
6772,1
6773,1
6774,1.1
6775,1.1
6776,1
6777,1.35
6778,1
6779,1
6780,1
6781,1
6782,1
6783,1
6784,1
6785,1
6786,1
6787,1
6788,1
6789,1
6790,1
6791,1
6792,1
6793,1
6794,1
6795,1
6796,1
6797,1
6798,0.9
6799,0.9
6800,1
6801,1.1
6802,1.2
6803,1.3
6804,0.8
6805,0.85
6806,0.85
6807,0.75
6808,1.15
6809,1
6810,1.15
6811,1.15
6812,0.85
6813,1.3
6814,0.85
6815,1
6817,0.85
6818,1.3
6819,1.2
6820,1
6821,1.1
6822,1.2
6823,1.1
6824,1
6825,1.3
6826,1.5
6827,1.2
6828,1.4
6829,1.5
6830,1.4
6831,1.25
6832,1.35
6833,1.25
6834,1.35
6835,1.25
6836,1.35
6837,1
6838,0.25
6839,1
6840,1
6841,1
6842,0.5
6843,1
6844,1.05
6845,1
6846,1
6847,1.35
6848,1
6849,1
6850,1
6851,1
6852,1
6853,1
6854,1.35
6855,1.35
6856,1
6857,1
6858,1
6868,1
6869,1.35
6870,1
6871,1
6872,1
6873,1
6874,1.35
6875,1
6876,1
6877,1
6878,1
6879,1
6880,1
6881,1.15
6882,1
6883,1
6884,1.15
6888,0.4
6889,0.75
6890,1.1
6891,1.1
6892,1
6893,1.35
6894,1
6895,1
6908,1
6909,3
6910,1.45
6912,0.75
6913,1.15
6914,2.0125
6915,1.2
6916,1
6917,1
6918,1.35
6919,1
6920,1.15
6921,1.15
6922,1.15
6923,1.15
6924,1.15
6925,1.15
6926,1.15
6927,1.15
6928,1.15
6929,1.15
6930,1.15
6931,1.15
6932,1.15
6933,1.15
6934,1.15
6935,1.15
6936,1.15
6937,1.15
6938,1
6939,1
6940,1
6941,1
6942,0.5
6943,0.5
6944,1
6945,1
6946,1
6947,1
6948,1
6949,1
6950,1
6951,1
6952,1
6953,1
6954,1
6955,1
6956,1
6957,1
6958,1
6959,1
6960,1
6961,1
6962,1
6963,1
6964,1
6965,1
6966,1
6967,1.15
6968,1.15
6973,1.15
6974,1.15
6975,1.15
6976,1.15
6977,0.5
6978,1
6979,1.2
6980,1
6981,1.265
6982,1.265
6983,1.35
6984,1
6985,0.9
6986,1
6987,1
6988,1
6989,1
6990,1
6991,1
6992,1
6993,1
6994,1
6995,1
6996,1.35
6997,1.2
6998,1.2
6999,1
7000,1.15
7001,1
7002,1
7003,1
7004,1.15
7005,1
7006,1.38
7007,1
7008,0.9
7009,1
7010,1
7011,1
7012,1
7013,1
7014,1
7015,1
7016,1
7017,1
7018,1
7019,1
7020,1
7021,1
7022,1
7023,1
7024,1
7025,1
7026,1
7027,1
7028,1.15
7029,2
7030,1
7031,1
7032,1
7033,1
7034,1
7035,1
7036,0.75
7037,1
7038,1.15
7039,1.15
7040,1
7041,1.15
7042,1
7043,1
7044,1
7045,1
7046,2
7047,1
7048,1
7049,1
7050,1
7051,1
7052,1.2
7053,1
7054,1
7055,1.5
7056,0.75
7057,1
7058,1
7059,1
7060,1
7061,1
7073,1
7074,1
7093,1
7094,1
7095,1
7096,1
7097,1
7098,1
7099,1
7100,1
7101,1
7102,1.05
7103,1.05
7104,1.05
7105,1
7106,1
7107,1
7108,1
7109,1
7110,1
7111,1
7112,1
7113,1.5
7114,1.3
7115,1.35
7116,1.25
7117,1
7118,1
7119,1.15
7120,1
7121,1
7122,1.2
7123,1
7124,1.5
7125,1
7126,1
7127,1
7128,1
7129,1
7130,1
7131,1
7132,1
7133,0.9
7134,1
7135,1
7136,1
7137,1
7138,1.15
7153,1
7154,0.75
7155,1
7156,1
7157,1
7158,1
7159,1
7160,1
7161,1
7162,1
7163,1
7164,1
7165,1
7166,1
7167,1.2
7168,1
7169,1
7170,1
7171,0.9
7172,1
7173,0.9
7174,1
7175,1
7176,1
7177,1
7178,1
7179,1
7180,1
7181,1
7182,1
7183,1
7184,1
7185,1
7186,1
7187,1
7188,1
7189,1
7190,1
7191,1.05
7192,1
7193,1.05
7194,0.95
7195,0.95
7196,1
7197,1
7198,1
7199,1
7200,1
7201,1
7202,1
7203,1
7204,1
7205,1
7206,1
7207,1
7208,1
7209,1
7210,1
7211,1
7212,1
7213,1
7214,1
7215,1
7216,1
7217,1
7218,1
7219,1
7220,1
7221,1
7222,1
7223,1
7224,1
7225,1
7226,1
7227,1
7228,1
7229,1
7230,1
7231,1
7232,1
7233,1
7234,1
7235,0.95
7236,1.05
7237,1
7238,1
7239,1
7240,1
7241,1
7242,1
7243,1
7244,1
7245,1
7246,1
7247,1
7248,1.25
7249,1
7250,1
7268,0.5
7269,1.2
7270,1
7271,3
7272,1
7273,1
7274,1
7275,1
7288,1
7289,4
7308,1
7309,1
7310,1
7311,1
7328,1
7329,1
7330,1
7331,1.15
7332,1
7333,1
7334,1
7335,1
7336,1.5
7337,1
7338,1
7339,1.3
7340,1
7341,1
7342,1
7343,1
7344,1.15
7345,1
7346,1
7347,1.4
7348,1.15
7349,1.3
7350,0.75
7351,1
7352,1.15
7353,1
7354,1
7355,1
7356,1
7357,1.35
7358,1.25
7359,1.25
7360,1.35
7361,1.35
7362,1
7363,1.25
7364,1.35
7365,1.25
7366,1.35
7367,1.7
7368,1
7369,1
7370,1.35
7371,1
7372,1.35
7373,1
7374,1.35
7375,1
7376,1.25
7377,1.35
7378,1.25
7379,1
7380,1.35
7381,1.35
7382,1
7383,1
7384,1
7389,1
7390,1
7409,1.2
7429,1
7449,1.25
7469,1
7470,0.3
7489,0.5
7509,1
7510,1.15
7511,0.1
7529,1
7530,1
7531,1.35
7532,1
7533,1
7534,1
7535,1
7536,1
7537,1
7538,1
7549,1
7550,1
7552,0.5
7553,1.5
7554,0.5
7555,1
7569,1.5
7570,1
7571,0.3
7572,0.25
7589,1
7590,1
7591,1
7592,1.2
7593,1
7594,1
7595,1
7596,1
7597,1
7598,1
7599,1.25
7600,1.15
7601,1
7602,1
7603,1
7604,1
7605,1
7606,1
7607,1
7608,1
7609,1
7610,1
7611,1
7612,1
7613,1
7614,1
7615,1.25
7616,3
7617,2
7618,1.15
7619,1.35
7620,1.35
7621,1.25
7622,1.35
7623,1.35
7624,1.35
7625,1.25
7626,1.35
7627,1.25
7628,1.25
7629,1.35
7631,1
7632,1
7633,1
7649,1.3
7669,1
7670,1
7671,0.8
7672,1.2
7673,1
7689,1
7690,2.5
7691,2.5
7709,1
7729,1
7730,1
7749,1
7750,1
7751,1
7752,2.5
7753,1
7754,1
7755,2.5
7756,1
7757,2.5
7758,1
7759,1.2
7760,1.2
7761,1
7762,1
7763,0.5
7764,1.2
7765,1
7766,1
7769,1
7789,1
7790,1
7791,1
7792,1
7793,1
7794,1
7795,1.15
7796,1
7797,1
7798,1
7799,1
7800,1
7801,1
7802,1
7803,1.2
7804,0.01
7805,1
7806,0.8
7807,1.15
7808,1
7809,1
7810,1
7811,1
7812,1
7813,1
7814,1
7815,1
7816,1
7817,1
7818,1
7819,1
7820,1.05
7821,1
7822,1
7823,1
7824,1.35
7825,1
7826,1
7827,1
7828,1
7829,1.5
7830,1
7831,1.15
7832,1
7833,1
7834,1
7835,1
7836,1.15
7837,1.3
7838,1
7839,1.5
7840,1.75
7841,1
7842,1
7844,1.3
7845,2.5
7846,0.85
7847,1.5
7848,1.3
7849,1
7850,1.15
7851,1
7852,1.0925
7853,1.15
7854,1
7855,1.15
7856,1.3
7857,1.3
7858,1.75
7859,1
7860,1
7861,1
7862,1
7863,1
7864,1.45
7865,1
7866,1
7867,1
7868,1
7869,1.5
7870,1.25
7871,1
7872,1
7873,2
7874,1.1
7875,1
7876,1
7889,1
7890,1
7891,1.15
7892,0.9
7893,1.5
7894,0.6
7895,1
7896,0.75
7897,0.9
7898,0.75
7899,1
7900,1.25
7901,1
7902,1
7903,1.5
7904,1
7905,1
7906,0.75
7907,1.15
7908,1.15
7909,1
7910,1
7911,1
7912,1
7913,1
7914,1
7915,1
7916,1
7917,1.2
7918,1.2
7919,1.5
7920,1
7921,1
7922,1
7923,1
7929,1
7930,1
7931,1
7932,1
7933,1
7934,1
7935,0.8
7936,1.25
7937,1.3
7949,0.85
7950,4
7951,1.15
7952,1.15
7969,1.15
7970,1.5
7971,1.25
7972,3
7974,1.25
7975,1
7976,1.75
7989,1
7990,1
7991,1
7992,1
7993,1
7994,1
7995,1
7996,1
7997,1
7998,1.35
7999,1.35
8000,1
8001,1
8009,1
8010,1
8011,1
8012,1.15
8013,1.15
8014,1
8015,1.3
8029,1
8049,0.75
8050,1
8053,2.5
8054,1
8055,2
8069,1
8089,1
8109,0.55
8129,1.5
8149,1
8150,1.3
8151,1.15
8152,1.5
8169,1.35
8170,1
8171,1
8172,0.5
8173,2.5
8174,2.5
8175,1
8176,1
8177,1.5
8178,1.8
8179,1.8
8180,1
8181,1.15
8182,1
8183,1
8184,0.5
8185,1
8186,1
8189,0.25
8190,1
8191,1
8209,3
8229,1
8249,1
8269,1.5
8270,1.8
8271,1.5
8289,2.1
8309,1.25
8310,1.5
8311,1.5
8312,1
8313,1.5
8314,1.25
8315,1.75
8316,1.25
8317,1
8318,1.15
8329,1
8330,1
8331,1
8332,1
8333,1
8334,1.35
8335,1
8349,1
8350,1.35
8351,1
8352,1
8353,1.15
8354,1
8355,1.35
8356,1.25
8369,0.75
8389,1.5
8390,1.5
8391,0.4
8392,1
8395,2
8409,0.25
8410,0.75
8411,1
8412,1.25
8413,1
8429,1
8430,1
8449,1
8469,1
8470,0.6
8471,1.3
8472,1.5
8473,1
8474,1
8475,0.75
8476,1
8477,1
8478,1.15
8479,1
8489,1
8509,1
8510,1
8511,1.25
8512,1.5
8529,1.75
8549,1.25
8550,1
8569,1
8570,1.8
8571,1
8572,1.25
8573,1
8574,0.8
8575,1.5
8589,1.7
8590,1.25
8591,1
8592,1
8593,1
8594,1
8595,1
8596,1
8597,1
8598,1.3
8609,1
8610,2
8611,3
8612,2.5
8629,1
8630,1
8631,1
8632,0.9
8633,1
8634,1.35
8649,1
8650,1
8651,1
8652,1.15
8653,1
8654,1
8655,1.2
8656,1
8657,1
8658,1
8659,1
8660,1.25
8661,1
8662,1
8663,1
8664,1.4
8665,1
8666,1.35
8667,1
8668,1
8669,1.35
8670,1.35
8671,1
8672,1
8673,1
8674,1
8675,1
8676,1
8677,1
8678,1
8679,1
8680,1
8681,1.2
8682,1.2
8683,1.2
8684,1.2
8685,1
8686,2
8687,2
8688,2
8689,2
8690,2
8691,2
8692,2
8693,1.15
8694,1
8695,1
8696,1
8697,1
8698,1
8699,1
8700,1
8701,1
8702,1
8703,1.2
8704,1
8705,1
8706,1
8707,1
8708,1.1
8709,1
8710,1
8711,2
8712,1.3
8713,1.5
8714,1
8715,1.5
8716,1.5
8717,1
8718,1
8729,1
8749,1
8750,1
8751,1
8752,1
8753,1
8754,1
8755,0.9
8756,1.25
8757,1
8758,1
8759,1.1
8760,1
8761,1.2
8762,1.35
8763,1
8764,1
8765,1
8766,1
8767,1.35
8768,1
8769,1
8772,1
8773,1.35
8774,1
8776,1.15
8777,1
8778,1
8779,1
8780,1
8781,1
8782,1.3
8783,1.5
8789,1
8790,1
8791,1
8792,1.35
8793,1
8794,1
8795,1
8796,1
8797,1
8798,1
8799,1
8800,1
8801,1
8802,1.15
8803,1
8804,1
8805,1
8806,1
8807,1.2
8808,0.3
8809,1
8810,3
8811,3
8812,1
8813,1
8814,1
8815,1
8816,0.5
8817,0.5
8818,0.5
8819,0.5
8820,1
8821,1
8822,1
8823,1
8824,2.5
8825,1
8826,1
8827,1
8828,1
8829,1.15
8830,1
8831,1
8832,1.35
8833,2
8834,2
8837,1.75
8838,1.5
8839,2.5
8840,0.85
8841,1
8842,1.5
8843,0.6
8844,1.75
8845,1
8846,1
8847,1
8848,1
8849,1
8869,0.6
8870,1.5
8871,0.75
8872,1
8889,1
8890,1
8891,1
8892,1
8893,1
8894,1.15
8895,1.15
8896,1.15
8897,1.15
8898,1.2
8899,1.2
8900,1.2
8901,1.2
8909,0.15
8910,0.15
8929,1
8949,1
8969,1.15
8970,1.3
8971,0.1
8972,1.5
8989,1
9009,1.15
9010,1.75
9011,1.3
9012,1.5
9013,2
9014,1.5
9015,1.15
9016,1.3
9017,1.3
9018,1.5
9019,1.3
9020,0.9
9021,0.75
9022,1.3
9023,1
9024,1
9025,1.25
9026,1
9027,1.15
9028,0.4
9029,0.3
9030,0.75
9031,1
9032,0.75
9033,0.5
9049,1.1
9050,2.25
9051,1
9052,1
9053,1
9054,1
9055,1
9069,1
9070,1
9071,1
9072,1
9073,1
9074,1
9089,1.2
9109,1.2
9129,1.5
9130,1
9131,1.15
9132,1
9133,1
9134,1.75
9135,1.5
9136,1
9149,1
9150,1
9151,1
9169,1
9189,3
9209,0.5
9210,1
9211,1.15
9212,1
9213,1
9229,1.5
9230,1
9231,3.5
9232,1
9233,1.35
9234,1.35
9235,1
9236,1
9249,1
9250,1
9251,1
9252,1
9253,1
9254,1.25
9255,1
9256,1.35
9257,1
9258,1
9259,1
9260,1
9261,1
9262,1
9263,1
9264,1
9265,1
9266,1
9267,1
9268,1
9269,1.25
9270,1
9271,1
9272,1.485
9273,1
9274,1
9275,1
9276,1.3
9277,1.75
9278,1.15
9279,1
9280,1.3
9281,1
9282,1
9283,1
9284,1
9285,1
9286,1
9287,1.5
9288,1
9289,0.9
9290,0.9
9291,1.1
9292,1
9293,1
9294,1
9295,1
9309,1
9329,1
9330,1
9331,1.15
9332,1
9333,1
9334,1
9335,1
9336,1
9337,1.35
9338,1
9339,1
9340,1
9341,1
9342,0.6
9343,1
9344,1
9345,0.9
9346,1
9347,1.25
9348,1
9349,1
9350,1
9351,1
9352,1
9353,1
9354,0.4
9369,0.9
9370,1.5
9371,1
9372,1.3
9389,1.15
9390,0.85
9391,1.35
9392,1.25
9409,0.85
9410,0.85
9411,1
9412,1
9413,1
9414,1.15
9415,1.15
9416,1.15
9417,1.3
9418,1.5
9419,1
9420,1
9421,1.15
9422,1.15
9423,1
9424,1.15
9425,1.3
9426,1.3
9427,1.5
9428,1
9429,1
9430,1.15
9431,1.15
9432,1.3
9433,1.5
9434,1.15
9435,1.15
9436,1.3
9437,1.3
9438,1.15
9439,1.5
9440,1.3
9441,1.5
9442,0.85
9443,0.85
9444,0.85
9445,1
9446,1.15
9447,1
9448,1.3
9449,1
9469,0.3
9470,1
9471,3
9472,1.5
9473,1
9474,1
9475,1
9476,1
9477,1.2
9489,1.75
9490,1.15
9491,1.75
9492,2
9509,2
9510,1
9511,0.4
9529,1.3
9530,1.3
9531,1.3
9532,1.5
9533,1.3
9534,0.9
9535,0.2
9549,1
9550,1
9551,1
9552,1
9553,1
9554,0.25
9555,0.25
9556,0.25
9557,0.25
9558,3
9560,1.75
9561,1
9562,1.3
9563,0.4
9564,3
9565,1.3
9566,1.15
9567,2
9568,1.1
9569,1.2
9570,1.15
9571,1.3
9572,0.4
9573,1.3
9574,1
9575,1
9576,1
9577,1
9578,1
9579,1
9580,1
9581,1.75
9582,1.3
9583,0.85
9584,1.3
9585,1.15
9586,0.85
9587,0.85
9588,1
9589,0.7
9590,1
9591,1.75
9592,1.75
9593,1.5
9594,6
9595,4.5
9596,1.2
9599,1.2
9602,1.2
9603,1.2
9604,1.2
9605,1.2
9606,1.2
9609,1.2
9610,1.2
9613,1.2
9614,1.2
9615,1.2
9616,1.2
9617,1.2
9618,1.2
9619,1.2
9620,1.2
9621,1.2
9623,1.2
9625,1.2
9626,1.2
9627,1.2
9628,1.2
9629,1.2
9630,1.2
9633,1.2
9634,1.2
9635,1.2
9636,1.2
9637,1.2
9638,1.2
9641,1.2
9642,1.2
9643,1.5
9644,1.2
9645,1.2
9648,1.2
9649,1.2
9652,1.2
9653,1.2
9656,1.2
9657,1.2
9660,1.2
9661,1.2
9664,1.2
9665,1.2
9668,1.5
9669,1.3
9670,1.2
9671,1.2
9672,1.2
9673,1.2
9674,1
9675,1
9676,1
9677,1
9678,1.2
9679,1.2
9680,1.2
9681,1.2
9682,1
9683,1
9684,1
9685,1
9686,1.2
9687,1.2
9688,1.2
9689,1.2
9690,1.2
9691,1.3
9692,1.2
9693,1.2
9694,1.2
9695,1.5
9696,1.3
9697,1.3
9698,1.3
9699,1.3
9709,1
9710,1
9711,1
9712,1
9714,1.5
9715,1
9716,1
9717,1
9718,1
9719,1
9720,1
9721,1
9722,1
9723,1
9724,1
9725,1
9726,1
9727,1
9728,1
9729,1
9730,1
9731,1
9732,1.2
9733,1.2
9734,1.3
9735,1.3
9736,1.3
9737,1.3
9738,1.2
9739,1
9740,1
9741,1
9742,1.35
9749,0.55
9750,0.3
9751,1
9752,1
9753,1.25
9754,1
9755,1.25
9756,0.5
9757,1
9758,1
9760,1.75
9761,1
9762,1.1
9763,1
9764,1
9765,1
9766,1
9767,1
9768,1
9769,1
9770,1.35
9771,1.35
9772,1.35
9773,1
9774,1
9775,1
9776,1.35
9777,1
9778,1.2
9779,1
9780,1
9781,1.15
9782,1.5
9783,1
9784,1
9785,1
9786,1
9787,1.15
9788,1.3
9789,1.3
9790,1.3
9791,1
9792,1
9793,1.25
9794,1
9795,1
9796,1
9797,1
9798,1
9799,1
9800,1
9801,1
9802,1
9803,1
9804,1
9805,1
9806,1
9807,1
9808,1
9809,1
9810,1
9811,1
9812,1
9813,1
9814,1
9815,1
9816,1
9817,1
9818,1.15
9819,1.15
9820,1
9821,1.15
9822,1
9823,1
9824,1
9825,1
9826,1
9829,0.1
9832,1
9849,1.2
9850,1.2
9851,1.2
9852,1.2
9853,1.2
9854,1.2
9855,1.2
9856,1.2
9857,1.2
9858,1.2
9859,1.2
9860,1.2
9861,1.2
9862,1.2
9863,1.2
9864,1.2
9865,1.2
9866,1.2
9867,1.2
9868,1.2
9869,1.2
9870,1.2
9871,1.2
9872,1.2
9873,1.2
9874,1.2
9875,1.2
9876,1.2
9877,1.2
9878,1.2
9879,1.2
9880,1.2
9881,1.2
9882,1.2
9883,1.2
9884,1.2
9885,1.2
9886,1.2
9887,1.3
9888,1.2
9889,1.2
9890,1.3
9891,1.3
9892,1.2
9893,1.2
9894,1.2
9895,1.2
9896,1.2
9897,1.2
9898,1.35
9899,1.35
9900,1.215
9901,1.35
9902,1.35
9903,0.2
9904,0.1
9905,0.1
9906,0.1
9909,1
9910,0.1
9911,1
9912,1.5
9913,0.55
9929,1.75
9934,0.15
9935,1.35
9936,1.35
9937,1
9938,1
9939,1
9940,1
9941,1
9942,1
9943,1.5
9944,2
9946,1.2
9947,0.8
9949,1
9950,1.2
9951,1.1
9952,1.5
9953,1.3
9954,1.3
9955,1.8
9956,1
9957,1.5
9958,0.5
9969,1
9989,0.35
9990,0.5
9991,1.5
9992,0.75
9993,0.5
9994,1
9995,1
9996,1.15
9997,0.25
9999,1
10000,1
10001,1
10002,1
10003,1
10004,1
10005,1
10006,1.45
10007,1
10008,1.15
10009,1.1
10010,1
10015,0.4
10029,0.5
10030,0.7
10031,0.3
10032,1.5
10033,0.15
10034,1
10035,1
10036,1
10037,1.45
10038,0.8
10039,1.45
10040,1.3
10041,1.3
10042,1.6
10043,1.3
10044,1.3
10045,1
10046,0.5
10049,1.35
10050,1.35
10051,1.25
10052,1.25
10054,1.5
10055,1.5
10056,1
10057,1.35
10069,1.62
10070,1.5
10071,1
10089,1.0925
10090,1.3
10091,1
10092,1.25
10093,1.25
10094,1
10095,1
10109,1
10110,1
10111,1
10113,1.4
10114,1.7
10115,2
10116,1.5
10129,1
10130,1
10131,1
10132,1.35
10133,3
10134,1
10135,1
10136,1.15
10137,1
10138,1
10139,1
10140,1
10141,1
10142,1
10143,1
10144,1
10145,1
10146,1
10147,1.15
10148,1.35
10149,1.25
10150,1
10151,1
10152,1.35
10153,1.25
10169,2.5
10170,1.75
10171,1
10172,1.3
10173,1.3
10174,1.3
10175,1.3
10176,1.2
10177,1.2
10178,1.2
10179,1.2
10180,1.25
10181,1.35
10182,1.35
10183,1.3
10184,1
10185,1
10186,1
10187,1
10188,1.35
10189,2
10190,1
10191,1.3
10192,1
10193,3
10194,1
10195,1
10196,1
10197,1
10198,1
10199,1
10209,0.4
10210,1
10211,1
10212,1
10213,1.15
10214,1.15
10215,1.15
10216,1.15
10217,1
10218,1.3
10219,1.3
10220,1.3
10221,1.3
10222,1.3
10223,1.25
10224,1.25
10225,1.35
10226,1.35
10227,1.25
10228,1.25
10229,1
10230,1.35
10231,1.35
10232,1
10233,1.25
10234,1.25
10235,1.35
10236,1.35
10237,1
10238,1.25
10239,1.25
10240,1.35
10241,1.35
10242,1.25
10243,1.35
10244,5
10245,1
10246,1
10247,1
10248,1.3
10249,1
10250,1
10251,1
10252,1
10253,1.25
10254,1.35
10255,1.15
10256,1.15
10269,0.25
10270,1
10271,1.15
10273,1.15
10274,1.5
10275,1
10277,1
10278,1.3
10279,1
10280,1
10281,1
10282,1.3
10283,1.5
10284,1.5
10285,1.3
10286,1
10287,1
10288,1
10289,1
10290,1.5
10291,1
10292,1
10293,1
10294,1
10295,1
10296,1
10297,1
10298,1
10299,1
10300,1
10301,1
10302,1
10303,1
10304,1
10305,1
10306,1
10307,1
10308,1
10309,1
10310,1
10311,1
10312,1
10313,1
10314,1
10315,2.5
10316,1.5
10317,2
10318,1
10319,1.4
10320,1
10321,1
10322,1
10323,1
10324,1
10325,1
10326,1
10327,1
10328,1
10329,1
10330,1
10331,1
10332,1
10333,1
10334,1
10335,1
10336,1
10337,1
10338,1.05
10339,1
10340,1
10341,1.75
10342,1
10343,1
10344,1
10345,1.05
10346,1
10347,1
10348,1
10349,1
10350,1
10351,1
10352,1
10353,1
10354,1
10355,1
10356,1
10357,1.2
10358,1
10359,1
10360,1
10361,1
10362,1
10363,1
10364,1
10365,1
10366,1
10367,1
10368,1
10369,1
10370,1
10371,1
10372,1
10373,1
10374,1
10375,1.05
10376,1
10377,1
10378,1
10379,1
10380,1
10381,1
10382,1
10383,1
10384,1
10385,1
10386,1
10387,1
10388,1
10389,1
10390,1
10391,1
10392,1
10393,1
10394,1
10395,1
10396,1
10397,1
10398,1
10399,1
10400,1
10401,1
10402,1.1
10403,1
10404,1
10405,1
10406,1
10407,1
10408,1
10409,1
10410,1
10411,1
10412,1
10413,1
10414,1
10415,1
10416,1
10417,1
10418,1
10419,1
10420,1
10421,1
10422,1
10423,1
10424,1
10425,1
10426,1.5
10427,1
10428,1
10429,1
10430,1
10431,1.2
10432,1.05
10433,1
10434,1
10435,1
10436,1
10437,1
10438,1
10439,1
10440,1
10441,1
10442,1
10443,1
10444,1
10445,1
10446,1
10447,1
10448,1
10449,1
10450,1
10451,1
10452,1.2
10453,1
10454,1
10455,1
10456,1
10457,1
10458,1
10459,1
10460,1
10461,1
10462,1
10463,1
10464,1
10465,1.15
10466,1
10468,1
10469,1
10470,1
10471,1
10472,1
10473,1
10474,1
10475,1
10476,1
10477,1
10478,1
10479,1
10480,1
10481,1
10482,1
10483,1
10484,1
10485,1
10486,1
10487,1.3
10488,1
10489,1
10490,1
10491,1
10492,1
10493,1
10494,1
10495,1
10496,1
10497,1
10498,1
10499,1
10500,1
10501,1
10502,1
10503,1
10504,1
10505,1
10506,1
10507,1
10508,1
10509,1
10510,1
10511,1
10512,1
10513,1
10514,1
10515,1
10516,1
10517,1
10518,1
10519,1
10529,1
10530,1
10531,1
10532,1
10533,1
10534,1
10535,1
10536,1
10537,1
10538,1
10539,1
10540,1
10541,1
10542,1
10543,1.5
10544,1
10545,1
10546,1
10547,1
10548,1.15
10549,1
10550,1
10551,1
10552,1
10553,1.5
10554,1
10557,1
10558,1
10559,1
10560,1
10561,1
10562,1
10563,1
10564,1.25
10565,1
10566,1.35
10567,1
10569,1.15
10570,1
10571,1.15
10572,1
10573,1
10574,1
10575,1.15
10576,1
10577,1.35
10578,1
10579,1.3
10580,1
10581,1
10582,1
10583,1.5
10584,1.75
10585,1.3
10586,1.35
10587,1
10588,1
10589,1
10590,1
10591,1
10592,1
10609,1
10610,1
10611,1
10612,1.6
10613,1.6
10614,1.35
10615,1
10616,1
10617,1.35
10618,2
10619,1
10620,1.15
10621,1.5
10622,1
10623,1.25
10624,1
10625,1
10626,1.3
10627,1.5
10628,0.75
10629,1
10630,0.9
10631,1
10632,1
10633,1
10634,1
10635,1
10636,1
10637,1
10638,1
10639,1
10640,1
10641,1
10642,1.75
10643,1.15
10644,1
10645,1
10646,1
10647,1
10648,0.8
10649,1
10650,1
10651,1
10652,1.25
10653,1.35
10654,1
10655,1
10656,1
10657,1
10658,1
10659,1.2
10660,1.2
10661,1
10662,1
10663,1.2
10664,1
10665,1
10666,1
10667,1
10668,1
10669,1.2
10670,1
10671,1
10672,1
10673,1
10674,1
10689,1.35
10690,1
10691,2.5
10692,1.25
10693,1
10694,1
10695,1
10696,1
10697,1
10698,1.5
10699,1.3
10700,1
10701,1
10702,1
10703,1.5
10704,1.45
10705,2.35
10706,1
10707,2.35
10708,2.65
10709,2.5
10710,1.2
10714,1.6
10718,1
10719,1
10720,1
10721,1
10722,1.15
10723,1
10724,1
10725,1
10726,1
10727,1
10728,1.15
10729,1.5
10730,1
10731,1
10732,1
10733,1
10734,1.25
10735,1.35
10736,1.35
10737,1.25
10738,1
10739,1
10740,1
10741,1
10742,1
10743,1
10744,1
10745,1
10746,1
10747,1
10748,1
10749,1
10750,1.15
10751,1.3
10752,0.75
10753,0.25
10754,1
10771,1
10772,0.75
10789,1
10790,1.3
10791,0.85
10792,1.5
10793,1.5
10794,1.5
10795,1.5
10796,1.3
10797,1
10798,1.3
10799,0.85
10800,1.3
10801,1.5
10802,2
10803,1.5
10804,1.3
10805,1.75
10806,1.75
10807,1.45
10808,1.3
10809,1.75
10810,1.6
10811,0.5
10812,0.75
10813,1
10814,1.5
10815,1.3
10816,1.3
10817,1.5
10818,0.85
10819,1.3
10820,1
10821,1
10822,1
10823,1
10824,1
10825,1.15
10826,1.5
10827,1.5
10828,1.15
10829,1.3
10830,1.15
10831,1.5
10832,0.85
10833,1.5
10834,1
10849,2.2
10850,1.3
10851,1
10852,0.85
10853,0.85
10854,1
10855,1.15
10856,1.15
10857,1
10858,1
10869,1.15
10870,1.5
10871,1.5
10872,1.15
10873,1
10874,1.3
10875,1.5
10876,1.3
10877,0.85
10878,1
10889,1.15
10890,1
10891,1.3
10892,1.5
10893,1.3
10894,1.15
10895,1
10896,1
10897,1.5
10898,1
10899,1.3
10900,1.15
10901,1
10902,1.3
10903,1.15
10904,1.3
10905,1.45
10906,1.3
10907,1
10908,1
10909,1
10910,1
10911,1.75
10912,0.85
10913,0.7
10914,1.5
10915,1.75
10916,1.15
10917,1.3
10918,1.15
10919,1.5
10920,1.5
10921,1.3
10922,1.3
10923,1
10924,1.5
10925,1.5
10926,1.3
10927,1.3
10928,1
10929,1
10930,1
10931,1
10932,2.5
10933,1.3
10934,1.3
10935,1
10936,1
10937,1
10938,1
10939,1
10940,1
10941,1
10942,1
10943,1.3
10944,1.5
10945,1.5
10946,1.75
10947,1.5
10948,1
10949,1
10950,0.7
10951,0.85
10952,1.15
10953,1
10954,1
10955,1
10956,1
10957,1.5
10958,1.35
10969,1.35
10970,1.15
10971,1.15
10972,1.3
10973,0.85
10974,1.3
10975,1.5
10976,1.5
10977,0.85
10978,1.3
10979,0.85
10980,1
10981,1
10982,1.15
10983,1.45
10984,1
10985,1.75
10986,1.3
10987,1.15
10988,1.3
10989,1.035
10990,0.25
10991,0.85
10992,0.25
10993,0.25
10994,1
10995,1
10996,0.3
11009,0.3
11010,0.5
11011,1.5
11012,1.5
11013,1
11014,1
11015,1
11016,1
11017,1
11018,1
11019,1
11020,1
11021,1
11022,1
11023,1
11024,1
11025,1
11026,1
11027,1
11028,1
11029,2
11031,1.6
11032,1
11033,1
11034,1.5
11035,1
11036,1
11037,1
11038,1
11039,1
11040,1
11041,1
11042,1
11043,1
11044,1
11045,1
11046,1
11047,1
11048,1
11049,1
11050,1
11051,1
11052,1
11053,1
11054,1
11055,1
11056,1
11057,1
11058,1
11059,1
11060,1
11061,1
11062,1
11063,1
11069,1
11070,1.5
11071,1.15
11072,1.75
11073,1.25
11074,1.2
11075,1.2
11076,1.2
11077,1.2
11078,1.3
11079,1.15
11080,1.2
11081,1.2
11082,1.2
11083,1.2
11084,1.5
11085,1.3
11086,1.45
11087,1.15
11088,1.3
11089,1.15
11090,1.15
11091,1.15
11092,1.5
11093,1.15
11094,1
11095,1
11096,0.7
11097,0.7
11098,0.85
11099,0.85
11100,1.2
11101,1.2
11102,1.2
11103,1.2
11104,0.85
11105,0.7
11106,1.45
11107,1.15
11108,1
11109,1.2
11110,1.2
11111,1.2
11112,1.2
11113,1.2
11114,1.2
11115,1.2
11116,1.2
11117,1
11118,1
11119,1
11120,1
11121,1
11122,1
11123,1
11124,1.15
11125,1
11126,1
11127,1.15
11128,1
11129,1
11130,1.15
11131,1
11132,1
11133,1.15
11134,1
11135,1
11136,1.15
11137,2
11138,1.15
11139,2
11140,2
11141,1.5
11142,1.15
11143,0.85
11144,0.7
11145,1
11146,1
11147,1.15
11148,1
11149,1
11150,1.15
11151,1
11152,1
11153,1.15
11154,1
11155,1
11156,1.15
11157,1
11158,1
11159,1
11160,1
11161,1
11162,1
11163,1
11164,1
11165,2
11166,1.75
11167,1
11168,1
11169,1
11170,1
11171,1.75
11172,2
11173,1.15
11174,1.15
11175,1.15
11176,1.15
11177,1.15
11178,0.85
11179,1.5
11180,0.85
11181,1.6
11182,1
11183,1
11184,1
11185,1
11189,1.2
11190,1
11191,1
11192,1
11193,1
11194,1
11195,1
11196,1
11197,1.2
11198,1.2
11199,1.2
11200,1.2
11201,1
11202,1
11203,1
11204,1
11205,1
11206,1.15
11207,1.15
11208,1.15
11209,1
11210,1.15
11211,1
11212,1.15
11213,1.15
11214,1.15
11215,1.15
11216,1.15
11217,1
11218,1
11219,1.2
11220,1
11221,1.2
11222,1.2
11223,1.2
11224,1.2
11225,1.2
11226,1.2
11227,1.2
11228,1
11229,1.2
11230,1.2
11231,1.2
11232,1.2
11233,1
11234,1
11235,1
11236,1
11237,1
11238,1
11239,1
11240,1
11241,1
11242,1
11243,1
11244,1.15
11245,1
11246,1
11247,1
11248,1
11249,1
11250,1.15
11251,1
11252,1.15
11253,1.5
11254,1.3
11255,1.15
11256,1
11257,2
11258,2
11259,1.5
11260,1.75
11261,2
11262,2
11263,1.5
11264,1.15
11265,1.75
11266,1.75
11267,2
11268,2
11269,1.15
11270,1.2
11271,2.25
11272,1
11273,1
11274,1.35
11275,1
11276,1.15
11277,1
11278,1
11279,1
11280,1.25
11281,1.15
11282,1
11283,1
11284,1
11285,1
11286,1.35
11287,1
11288,1.4
11289,1.15
11290,1
11291,1
11292,1.15
11293,1.75
11294,1.2
11295,1
11296,1
11297,1
11298,1.2
11299,1
11300,1
11301,1
11302,1
11303,1
11304,1
11305,1
11306,1
11307,1
11308,1
11309,1
11310,1
11311,1.4
11312,1.2
11313,1.2
11314,1.2
11315,1.5
11316,1.15
11317,1.3
11318,2.5
11319,2.5
11320,1.2
11321,1
11322,1.35
11323,1
11324,1
11325,1
11326,1
11327,1.2
11328,1
11329,1
11330,1
11331,1.3
11332,1.5
11333,1.75
11334,1.3
11335,2
11336,1.5
11337,1.75
11338,1.5
11339,0.85
11340,1.75
11341,2
11342,2
11343,2.25
11344,1.15
11345,1.3
11346,1.15
11347,2.25
11348,1.5
11349,1
11350,1
11351,1
11352,1
11353,1
11354,1
11355,1
11356,1
11357,1
11358,1
11359,1.35
11360,1
11361,1
11362,3
11363,1.5
11369,2
11370,1.3
11371,1
11372,1
11373,1
11374,1.25
11375,1
11376,1
11377,1
11379,1
11380,2
11381,1.75
11382,2
11383,1.5
11384,1.75
11385,1.3
11386,1.3
11387,1
11388,1
11389,1
11390,1
11391,1
11392,1
11393,1
11394,1
11395,1
11396,1.3
11397,1.15
11398,0.85
11399,0.85
11400,0.85
11401,1.5
11402,0.85
11403,1.15
11404,1.15
11405,0.85
11406,1
11407,1
11408,1
11409,1
11410,1.5
11411,0.7
11412,1.15
11413,1
11414,1
11415,0.85
11416,0.55
11417,1.3
11418,1.5
11419,1.15
11420,1.15
11421,0.85
11422,0.7
11423,1
11424,1
11425,1
11426,1
11427,1
11428,1
11429,1
11430,1
11431,1
11432,1
11433,1
11434,1
11435,1
11436,1
11437,1
11438,1
11439,1
11440,1
11441,1
11442,1
11443,1
11444,1.3
11445,1.5
11446,1.15
11447,2.5
11448,0.7
11449,0.85
11450,1.15
11451,0.7
11452,1.3
11453,1
11454,0.7
11455,2.25
11456,1.35
11457,1
11458,1
11459,1
11460,1.75
11461,0.75
11462,1
11463,1
11464,1
11465,1.15
11466,1
11467,1
11468,1
11469,1.35
11470,1
11471,1
11472,1
11473,1
11474,1
11475,1
11476,1
11477,1
11478,1
11479,1
11489,1.5
11490,1
11491,0.85
11492,1.75
11509,1.2
11510,1
11511,1
11512,1
11513,2
11532,2.35
11533,2.35
11534,2.65
11536,2.5
11537,2.35
11538,2.5
11539,1.45
11542,2.2
11543,2.5
11544,2.2
11545,2.05
11546,2.05
11548,1.75
11549,2.2
11550,2.2
11551,1.9
11552,1.3
11553,2.5
11554,1.9
11555,1.75
11556,1.9
11557,2.05
11558,1.6
11559,2.2
11560,1.75
11561,2.35
11562,2.35
11563,1.45
11564,2.5
11565,2.65
11566,1.6
11567,1.15
11568,1.9
11569,2.05
11570,2.5
11571,1.45
11572,1.75
11573,1.15
11574,2.65
11576,2.8
11577,2.35
11578,2.8
11579,2.5
11581,2.65
11582,2.8
11583,2.8
11584,2.35
11585,2.35
11586,1
11589,1
11590,1.35
11591,1
11592,1
11593,1
11594,1
11595,1
11596,1.15
11609,0.85
11610,0.7
11611,1
11629,1
11630,1
11631,1.2
11632,1.3
11633,1.15
11634,1
11635,1.3
11636,1.5
11637,1
11638,1.5
11639,1.5
11640,1.5
11641,0.6
11649,1.5
11650,1
11651,1.15
11652,0.85
11653,1
11654,0.85
11655,1
11656,1
11657,1.2
11658,1.2
11659,2
11660,1.5
11661,1.3
11662,1
11663,1
11664,1
11665,1
11666,1
11667,1
11668,1
11669,1
11670,1
11671,1
11672,1
11673,1.25
11674,1
11675,1
11676,1
11679,1
11680,1
11681,1.25
11682,1
11683,1
11684,1
11685,1.35
11686,1
11687,1.25
11688,1.35
11689,1
11690,1
11691,1.15
11692,1
11693,1
11694,1.15
11709,0.5
11710,1
11711,1
11712,1
11713,1.15
11714,1.15
11729,1
11730,1.3
11731,1
11733,1
11734,1
11735,1
11736,1
11737,1
11738,1.35
11739,1
11740,1
11741,1
11742,1
11743,1
11744,1
11745,1
11746,1
11747,1
11748,1
11749,1
11750,1
11751,1
11752,1
11753,1
11754,1.35
11755,1.35
11756,1
11757,1.15
11758,1.2
11759,1.2
11760,1.2
11761,1.2
11762,1.2
11763,1.2
11764,1.2
11765,1.2
11766,1
11767,1
11768,1
11769,1
11770,1.25
11771,1.25
11772,1.35
11773,1.35
11774,1.35
11775,1.25
11776,1
11777,1
11789,1.25
11790,1.35
11791,1.35
11792,1.35
11793,1.2
11794,1
11795,1.35
11796,1.25
11797,1.62
11798,1.2
11799,1.35
11800,1.15
11801,1
11802,1
11803,1.35
11804,1
11805,1
11806,1
11809,1.2
11810,1
11811,1
11812,1
11813,1
11814,1
11815,1
11816,1
11817,1
11818,1.15
11819,1
11820,1
11821,1
11822,1
11823,1
11824,1
11825,1
11826,1
11827,1.15
11828,3
11829,2
11830,1.25
11831,1
11832,1
11833,1
11834,1
11835,1.25
11836,1
11849,1
11850,1
11851,1
11852,1.35
11853,1
11854,1
11855,1
11856,1
11857,1
11858,1
11859,1
11860,1
11861,1
11862,1
11863,1
11864,1
11865,1
11866,1
11867,1
11868,1
11869,1
11870,1
11871,1
11872,1
11873,1
11874,1.35
11875,1.25
11876,1.35
11877,1.25
11878,1.35
11879,1.25
11880,1.35
11881,1.25
11882,1.35
11883,1.25
11884,1.35
11885,1.25
11886,1.35
11887,1.35
11888,1.25
11889,1.25
11890,1
11892,1.3
11893,1
11894,1
11895,1
11896,1
11898,1
11899,1
11900,1
11901,1
11902,1.35
11903,1
11904,1
11905,1
11906,2
11907,1
11908,1.3
11909,2.5
11910,2.5
11911,1
11912,0.75
11913,1
11914,1
11929,1
11930,1
11949,1.2
11950,1.2
11951,1.2
11952,1.2
11953,1.2
11954,1.2
11955,1.2
11956,1.2
11957,1.2
11958,1.2
11959,1.2
11960,1.2
11961,1.2
11962,1.2
11963,1.2
11964,1.2
11965,1.2
11966,1.3
11967,1.3
11968,1.3
11969,1.3
11970,1.2
11971,1.2
11972,1.2
11973,1.2
11974,1.4
11975,1.4
11976,1.4
11977,1.4
11978,1.2
11979,1.2
11980,1.2
11981,1.2
11983,1.4
11984,1.4
11985,1.4
11986,3
11987,1.4
11988,1.3
11989,1.3
11990,1.3
11991,1.3
11992,1.2
11993,1.2
11994,1.2
11995,1.2
11996,1.4
11997,1.5
11998,1.2
11999,1.2
12000,1.2
12001,1.2
12002,3
12003,2.65
12004,1.3
12005,1.3
12006,1.3
12007,1.3
12008,1.3
12009,1.2
12010,1.2
12011,1.2
12012,1.2
12013,1.2
12014,1.2
12015,1.2
12016,1.2
12017,1.2
12019,1.2
12020,1.2
12021,1.2
12022,1.2
12023,1.4
12024,1.2
12025,1.2
12026,1.4
12027,1.4
12028,1.4
12029,4
12030,2
12031,1
12032,1
12033,1
12034,1
12035,1
12036,1
12037,1
12038,1
12039,1
12040,1
12041,1
12042,1
12043,1.15
12044,1
12045,1
12046,5
12047,1
12048,10
12049,1
12050,1
12051,2.5
12052,1
12053,1
12054,1
12055,1
12056,1
12057,1
12058,1.35
12059,1.25
12060,1
12061,1
12062,1
12063,1
12064,1
12065,1
12066,1
12067,1.15
12068,1.15
12069,1
12070,1
12071,1
12072,1
12073,2
12074,1.25
12075,1
12076,1
12077,1
12078,1.15
12079,1.15
12080,1
12081,1
12082,1
12083,1.35
12084,1.25
12089,0.8
12109,3
12110,3
12129,4
12149,1.3
12150,1.3
12151,1.3
12152,1.5
12153,1.3
12154,1.5
12155,1.6
12156,1.5
12157,1.3
12158,1.3
12159,1.3
12160,1.5
12161,3.5
12162,1.75
12163,1.25
12164,1.5
12165,1
12166,1
12167,1
12168,1
12169,1
12170,1.35
12171,1.25
12189,2
12190,1.5
12191,0.5
12192,1.15
12193,0.85
12194,0.85
12195,0.85
12196,0.85
12197,1
12198,1
12199,1
12200,1
12201,1.15
12202,1.15
12203,1.3
12204,1.3
12205,1.3
12206,1.3
12207,1.5
12208,1.5
12209,1.5
12210,1.5
12229,1
12230,1
12231,2
12232,2
12233,2.25
12234,1.15
12235,1
12236,1
12237,1
12238,1
12239,1.75
12240,0.6
12241,0.6
12242,0.6
12243,1.15
12244,0.6
12245,0.6
12246,0.6
12247,0.6
12249,1.6
12269,1
12270,1
12271,0.01
12272,1
12289,1.1
12290,1.1
12291,1
12292,2
12293,1.6
12309,1.3
12310,0.5
12329,1
12330,1
12331,1
12332,1
12333,0.75
12334,2
12335,1.5
12336,1
12337,1.3
12338,1.3
12339,1.3
12340,0.7
12341,0.85
12342,1.5
12343,0.7
12344,0.7
12345,1.15
12346,0.3
12347,1.75
12348,1.25
12349,1
12350,1.3
12369,3
12370,1.5
12371,1.5
12372,1.5
12373,1.5
12374,1.5
12389,2.5
12390,1
12391,2.5
12392,1
12409,1
12429,1
12430,1
12431,1
12432,1.25
12433,1.5
12434,4
12435,1
12436,11.75
12449,1.5
12469,1
12470,1
12471,2.2
12472,2.2
12473,2.35
12474,1
12475,1
12476,1
12477,1
12489,1.25
12509,2
12529,1.5
12530,1
12549,1
12569,1
12589,1.3
12609,1
12610,1
12629,1
12649,2
12669,1.15
12670,1
12671,1
12672,1
12673,1.35
12674,1
12675,1.25
12676,1
12677,1
12678,1
12679,1
12680,1
12681,1
12682,1.45
12683,2
12689,1
12709,1
12729,1
12749,1
12750,2
12769,1.5
12789,1
12790,1
12809,1
12810,1
12811,1
12812,1.6
12813,1.45
12814,1.6
12815,1.75
12816,1.6
12817,1.75
12818,2
12819,1.75
12820,1.5
12821,1.5
12822,1
12823,1
12824,0.5
12829,1
12830,1
12831,1
12832,1
12849,1
12869,1
12889,2
12890,2.25
12891,2.5
12892,1.75
12893,1.75
12894,1.5
12909,1
12910,1
12911,1.15
12912,1
12913,1
12914,1
12915,1.15
12916,1
12917,1
12918,1
12919,1
12920,1
12921,1.15
12922,1
12923,1
12924,1
12925,1
12926,1
12927,1
12928,1
12929,3
12930,1
12931,1
12932,1
12933,1
12934,1
12935,1.15
12936,1
12938,1
12940,1.15
12941,1.15
12942,1.15
12943,1.35
12944,1.15
12945,1
12946,1
12948,1.25
12949,1
12950,1
12951,1
12952,1
12953,1
12954,1
12955,1
12956,1
12957,1
12958,1
12959,1.1
12960,1
12961,1
12962,0.75
12963,0.75
12964,1
12965,1.15
12966,1.3
12967,1
12968,1
12969,1.35
12970,1.25
12971,1
12972,1
12973,1
12974,1
12975,1
12976,1.25
12977,1
12989,1
12990,0.75
12991,1.15
12992,1.15
13009,1.25
13029,2
13030,3
13031,3
13032,3
13049,1
13050,1
13069,0.01
13089,1
13090,1
13091,1
13093,2.35
13095,0.5
13096,0.6
13097,1
13098,1.5
13099,1
13109,2
13110,2
13111,0.6
13129,2.65
13130,2.35
13132,2.35
13149,1
13150,1
13151,1
13152,1
13169,0.75
13170,3
13171,1
13172,2
13173,2.25
13174,2.5
13189,1
13190,1
13209,0.85
13210,0.85
13211,0.6
13212,0.6
13229,1
13230,1
13231,1
13232,1
13249,1
13250,1
13251,1.15
13252,1.15
13253,1
13254,1
13255,1
13256,1.15
13257,1.15
13258,1
13259,1
13260,1.15
13261,1.15
13262,1
13263,1
13264,1.15
13265,1.15
13266,1
13267,1
13268,1.15
13269,1.15
13270,1
13271,1
13272,1.15
13273,1.15
13274,1
13275,1
13276,1.15
13277,1.15
13278,1
13279,1
13280,1
13281,1.35
13282,1
13283,1
13284,1
13285,1.35
13286,1
13287,1
13288,1
13289,1
13290,1
13291,1
13292,1
13293,1
13294,1
13295,1
13296,1
13297,1
13298,1.1
13299,1.1
13300,1.1
13301,1
13302,1
13303,1.35
13304,1.25
13305,1.1
13306,1
13307,1
13308,1.35
13309,1.25
13310,1
13311,1
13312,1
13313,1
13314,1
13315,1
13316,1
13317,1
13318,1
13319,1
13320,1
13321,1
13322,1
13323,1
13325,1.35
13326,1
13328,1
13330,1
13331,1
13334,1
13335,1
13336,1
13337,1
13338,1.35
13339,1.25
13340,1.3
13341,1.35
13342,1
13343,6
13344,1
13345,1
13346,1
13347,1
13348,1
13349,1
13350,1
13351,1
13352,1
13353,1.15
13354,1.15
13355,1
13356,1
13357,1
13358,1
13359,1
13360,1
13361,1
13362,1
13363,1
13364,1.35
13365,1
13366,1
13367,1.35
13368,1.25
13369,1
13370,1
13371,1
13372,1
13373,1.15
13374,1.15
13375,1
13376,1
13377,1
13378,1
13379,1
13380,1
13381,1.15
13382,1.15
13383,1
13384,1
13385,1
13386,1
13387,1
13388,1.15
13389,1.15
13390,1
13391,1
13392,1
13393,1
13394,1
13395,1
13398,1
13399,1
13400,1.35
13401,1.25
13402,1
13403,1
13409,1
13410,1
13411,1
13412,1
13413,1
13414,1
13415,1.1
13429,1
13430,1
13431,1
13432,1
13433,1
13434,1
13435,1
13436,1
13437,1
13438,1
13439,1
13440,1
13441,1
13442,1
13443,1
13444,4
13445,1.1
13446,1
13449,1
13450,1
13451,1
13452,1
13453,1
13454,1
13455,1
13456,1.15
13457,1
13458,1
13459,1
13460,1
13461,1
13462,1
13463,1
13464,1.35
13465,1
13466,1
13467,1
13468,1.35
13469,1
13470,1
13471,1
13472,1
13473,1
13474,1
13475,1
13476,1
13477,1
13478,1.25
13489,1.5
13490,1.25
13509,0.5
13529,1
13530,0.75
13531,1
13532,1
13533,1.15
13534,1.15
13536,1
13537,1
13538,1.15
13539,1.15
13540,1
13541,1.35
13542,1.25
13543,1
13544,1
13545,1
13546,1
13547,1.15
13548,1
13549,1.15
13550,1
13551,1
13552,1.15
13553,1.15
13554,1
13555,1
13556,1
13557,1
13558,1
13559,1
13560,1
13561,1
13562,1.25
13563,1
13564,1
13565,1.35
13566,1.25
13567,1
13568,1
13569,1.35
13570,1.25
13571,1
13572,1
13573,1.35
13574,1.25
13589,3
13590,1
13591,1
13592,1
13593,1
13594,1
13595,1
13596,1
13597,1
13598,1
13599,1
13600,1
13601,1
13609,0.75
13610,1
13629,2.5
13630,1
13631,1
13632,1
13633,1
13634,1
13635,1
13636,1
13637,1
13638,1
13639,1
13640,1
13641,1
13642,1
13643,1
13644,2
13645,1
13646,1
13647,1
13648,1
13649,0.8
13650,1
13651,1
13652,1
13653,1
13654,1
13655,1
13656,1
13657,1
13658,1
13659,1
13660,1
13661,1
13662,1.1
13669,1
13670,1
13671,1
13672,1.15
13673,1.15
13674,1
13675,1
13676,1
13677,1
13678,1
13679,1
13680,1
13681,1
13682,1
13683,1
13684,1
13685,1
13686,1
13687,1
13688,1
13689,1
13709,1
13710,1
13711,1
13712,1
13713,1.3
13714,1
13715,1.3
13729,1
13730,1.4
13731,0.2
13732,0.4
13749,0.8
13769,1
13770,1
13771,1
13772,1
13773,1
13774,1
13775,1
13776,1
13777,1
13778,1
13779,1
13780,1
13781,1
13782,1
13783,1
13784,1
13785,1
13786,1
13787,1
13788,1
13789,1
13790,1
13791,1
13792,1
13793,1
13794,1
13795,1
13796,1
13797,1
13798,1
13799,1
13800,1
13801,1
13802,1
13803,1
13804,1
13805,1
13806,1
13807,1.15
13808,1.2
13809,1
13810,1
13811,1
13812,1
13813,1
13814,1
13815,1
13816,1
13817,1.35
13818,1.35
13819,1.25
13820,1.25
13821,1.35
13822,1.35
13823,1.25
13824,1.25
13825,1
13826,1
13827,1
13828,1.35
13829,1
13830,1.25
13831,1.35
13832,1.25
13833,1.35
13834,1.25
13835,1.35
13836,1.25
13837,1
13838,1
13839,1
13840,1
13841,1
13842,1.2
13843,1
13849,1
13850,1
13851,1
13852,1
13853,1
13854,1.15
13855,1.15
13856,1.15
13869,1.5
13889,1
13890,1
13891,1
13892,1
13893,1
13894,1
13895,1
13896,1
13909,1
13929,3
13949,1
13950,1
13951,1
13952,1
13953,1
13954,1
13969,1
13970,1
13971,0.85
13972,0.85
13989,1.75
13990,2
13991,1.5
13992,1.5
13993,1.15
14012,1.3
14013,1.4
14014,1.4
14015,1.4
14016,1.4
14017,1.4
14018,1.4
14019,1.4
14020,1.4
14021,1.5
14022,1.5
14023,1.5
14024,1.5
14025,1.5
14026,1.2
14027,1.2
14028,1.2
14029,1.2
14030,1.2
14031,1.2
14032,1.2
14033,1.2
14034,1.2
14035,1.2
14036,1.2
14037,1.2
14052,1.4
14053,1.4
14054,1.4
14055,1.4
14056,1.4
14057,1.4
14058,1.4
14059,1.4
14060,1.2
14061,1.2
14062,1.2
14063,1.2
14064,1.2
14072,1.75
14092,1
14093,1.15
14112,2
14132,1.3
14152,1.75
14172,1.725
14173,3
14192,0.8
14193,1
14212,1
14213,2
14214,2
14215,1
14216,1.35
14232,1
14233,1.35
14234,1.15
14235,1
14236,1
14252,1
14253,1.5
14254,1.5
14255,1.15
14256,1.3
14257,1.3
14272,1.25
14273,0.5
14292,1.2
14293,1.2
14294,1.2
14295,1.2
14296,1.3
14298,1.4
14299,1.4
14300,1.3
14301,1.3
14302,1.5
14303,1.5
14304,1.5
14305,1.25
14306,1.25
14307,1
14308,2
14309,1.5
14310,1
14312,1
14313,0.85
14314,1.3
14315,1.45
14316,1
14317,0.8
14318,0.85
14319,1.3
14320,1
14321,1
14322,1
14323,1.35
14324,1
14325,1
14326,1
14327,1.15
14328,1.15
14329,1.5
14330,1.5
14331,1.5
14332,1.5
14333,1.5
14334,1.2
14335,1.2
14336,1.2
14337,1
14338,1
14339,1
14340,1
14341,1
14342,1
14343,1
14344,1
14345,1
14346,1
14347,1
14348,0.6
14349,0.6
14350,1.2
14352,1.5
14353,1
14354,2
14355,1.25
14356,1.25
14357,1.25
14358,1.25
14359,1.25
14360,1.1
14361,1.1
14362,1.1
14363,1.1
14364,1
14365,1.25
14366,1.25
14367,3
14368,1.5
14369,1
14370,1
14371,1
14372,1
14373,1
14374,1
14375,1
14376,1
14377,1
14378,1.2
14379,0.5
14380,1.3
14381,1
14382,2
14383,2
14384,1.2
14385,3
14386,1
14387,1.75
14388,1
14389,1.75
14390,1.5
14391,1.15
14392,0.2
14393,1.15
14394,1.2
14395,1.1
14396,1
14397,1.15
14398,1.15
14399,1.15
14400,1.15
14401,2.5
14402,2.2
14403,1.15
14404,1
14405,1
14406,1.4
14407,1.15
14408,1.15
14409,1.15
14410,1.15
14411,1.15
14412,1.15
14413,1
14414,1
14415,1
14416,2.5
14417,1
14418,1
14419,1
14420,1.15
14421,1
14422,1
14423,2.2
14424,2.35
14425,1.15
14426,1
14427,1.35
14428,1.2
14429,1.1
14430,2
14431,1.1
14432,0.3
14452,1
14453,1
14454,1
14472,1
14473,0.15
14492,1
14493,1.1
14494,1.35
14495,1.35
14496,1.35
14497,1.75
14498,1.7
14499,1
14500,1
14501,5
14502,2
14503,2
14504,1.75
14505,1.75
14506,2
14507,2.5
14508,2.5
14509,2.5
14510,2.5
14511,1.5
14512,2.75
14513,2.75
14514,2.75
14515,2.75
14516,2
14517,2.75
14518,2
14519,1.75
14520,3
14521,1.75
14522,1.6
14523,1.5
14524,2
14525,1.75
14526,1.2
14527,1.75
14528,2
14529,1.15
14530,1
14531,1
14532,1.15
14533,1
14534,1
14535,1
14536,1
14537,1
14538,1
14539,1
14540,1
14541,1
14542,1
14544,1.75
14545,1
14546,1
14547,1
14548,1
14549,1
14550,1
14551,1
14552,2
14553,2
14554,1
14555,2
14556,2
14557,1
14558,1
14559,1.3
14560,1.5
14561,0.9
14562,0.6
14563,1.1
14564,1
14565,1.1
14566,1
14567,5
14572,1.75
14573,1.2
14574,1.2
14575,1.2
14576,1
14577,1
14578,0.6
14579,0.6
14580,1.35
14581,1
14582,1
14583,1
14584,1
14585,1.2
14586,1
14587,1.15
14588,1
14589,1
14590,1.1
14591,1.3
14592,1.1
14593,1.1
14594,1.1
14612,1.485
14613,1
14614,1
14615,1
14616,1
14632,1.5
14633,0.75
14634,0.85
14652,1
14653,1
14654,1
14655,1.5
14656,1
14657,0.25
14658,0.25
14659,0.25
14660,0.25
14661,0.25
14662,1
14663,1.5
14664,1
14665,1
14666,1
14668,1
14669,1
14670,1
14671,1
14672,1
14673,0.5
14674,0.5
14675,0.5
14692,1
14693,2
14694,1.2
14695,2
14696,2
14697,1.5
14698,2
14699,2.5
14700,1.75
14701,1.75
14702,1
14703,1.25
14704,1.25
14705,1.25
14706,1.5
14707,1.3
14708,1.5
14709,1.25
14710,1.5
14712,1
14713,1
14714,1
14715,1
14716,1
14717,1
14718,1
14719,1
14720,1
14732,1.1
14733,1.1
14752,1.15
14753,1
14754,1
14755,1
14756,1
14757,1
14758,1.35
14759,1
14760,1
14761,1
14762,1
14763,1
14764,1
14765,1
14766,1
14767,1
14768,1
14769,1
14770,1
14771,1
14772,1
14773,1
14774,1.15
14775,1
14776,1.2
14777,1
14778,0.4
14779,0.4
14780,1.2
14781,1
14782,1
14783,1
14784,1
14785,1
14786,1
14792,2.5
14793,1
14794,1
14795,1
14796,1
14797,1
14798,1
14799,1
14800,1
14812,1
14813,1
14832,2
14852,5
14853,0.75
14854,1
14855,1.15
14856,1.15
14872,1
14873,1.1
14874,1
14875,1
14876,1.2
14877,1
14878,1
14879,1
14880,1
14881,1.35
14882,1
14883,1
14884,3
14885,1
14886,1
14887,1
14888,1
14889,1
14890,1
14894,1
14912,1
14913,1
14914,1
14932,1.5
14933,0.15
14934,2.5
14935,1.15
14936,1
14937,0.15
14938,1.5
14939,1
14940,1
14941,1
14942,1
14943,1
14944,1
14945,1
14946,1
14947,1
14948,1
14949,1
14950,0.75
14951,1
14952,0.1
14953,1
14954,1
14972,1
14973,1.15
14974,1.15
14975,1.15
14976,1.15
14977,1.2
14978,1.2
14979,1.2
14980,1.2
14981,1.2
14982,1.2
14983,1.2
14984,1.2
14985,0.1
14992,1
14993,1
14994,1.25
14995,1
14996,1
14997,1
14998,1
14999,1
15000,1
15001,1
15002,1
15003,1
15004,1
15012,1
15013,2
15032,1.1
15033,1.1
15072,0.4
15092,0.6
15093,1.1
15094,1
15095,1
15096,1
15097,1
15098,1.1
15099,1.1
15100,1.1
15101,2
15102,2
15112,1.1
15113,1.1
15114,1.1
15115,1.1
15116,0.9
15132,1
15133,0.3
15134,1
15135,1
15136,0.2
15137,1
15138,0.7
15139,1
15140,1.1
15141,1
15142,1.1
15143,1
15144,1
15145,1.3
15146,1
15147,1
15148,1
15149,1
15150,1.15
15151,0.55
15152,1
15153,1
15154,1
15155,1
15172,1
15173,1
15174,1
15175,1
15176,1
15177,1
15178,1
15179,1
15180,0.5
15181,0.5
15182,0.85
15183,1
15184,1
15185,1
15186,1
15187,1
15188,1
15189,1
15190,1
15191,2
15192,1
15193,1
15194,1
15195,1
15196,1
15197,1
15198,1
15199,1
15200,0.5
15201,1.05
15202,1.05
15203,1.05
15204,0.4
15205,1
15206,1
15207,1
15208,1
15209,1
15210,1
15211,1
15212,1
15213,1
15214,1.75
15215,1
15216,1.4
15217,1.4
15218,1.4
15219,1.4
15220,1.4
15221,1.2
15222,1
15223,1.15
15224,1
15225,1
15226,2
15227,0.6
15228,1
15229,1
15230,1.35
15231,1.25
15232,1
15233,1.4
15234,2
15235,1
15236,1
15237,1
15238,1
15239,1
15240,1
15241,1
15242,1
15243,1
15244,1
15245,1.35
15246,1.25
15247,1
15248,1
15249,1
15250,1
15251,1
15252,1
15253,1
15254,1
15255,1
15256,1
15257,1
15258,1
15259,1
15260,1
15262,1
15263,1
15264,1
15265,1.15
15266,1
15267,2
15268,2
15269,2
15271,1
15272,1
15273,1
15274,1
15275,0.85
15276,1
15277,1
15278,1
15279,1
15280,1
15281,1
15282,1
15283,1
15284,1
15285,1
15286,1
15287,1
15288,3
15289,1
15290,1.5
15291,1.5
15292,1.5
15293,0.8
15294,2.25
15295,7
15296,4
15297,3
15298,2
15300,1
15301,3
15302,0.5
15303,1
15304,1
15305,1
15306,1
15307,1
15308,1
15309,1
15310,1
15311,1
15312,1
15313,1
15314,1.35
15315,1
15316,1
15317,1
15318,1.35
15319,1.35
15320,1
15321,1
15322,1.35
15323,1
15324,1
15325,2.5
15326,1
15327,3
15328,1.2
15329,1.5
15330,1
15331,1
15332,1
15333,1.5
15334,1.75
15335,1.6
15336,3
15337,3
15338,2
15339,2
15340,2
15341,1.25
15342,1.35
15343,2.5
15344,3
15345,4
15346,3
15347,2.5
15349,1.1
15350,1.1
15351,2.25
15352,1
15353,1.25
15354,2
15355,2.75
15356,2.5
15357,3
15358,1
15359,2.5
15360,2
15361,7.5
15362,1.15
15363,1.8
15364,1.8
15365,1.8
15366,1.8
15367,0.75
15368,1.15
15369,0.65
15370,1.485
15371,1.215
15372,1
15373,1.15
15374,0.9
15375,1.1
15376,4
15377,1
15378,1.15
15379,2
15380,1.2
15381,1
15382,1
15383,1.6
15384,1.6
15385,1.75
15386,1
15387,1
15388,1
15389,1
15390,1.15
15391,1
15392,5
15393,0.65
15394,0.65
15395,0.65
15396,0.65
15397,0.65
15398,0.65
15399,2
15402,0.5
15403,1
15407,1
15408,1
15409,1
15410,1
15411,1.25
15412,1
15413,1
15414,1
15415,1
15416,1.1
15417,5
15418,1.15
15419,1
15420,1
15421,1.2
15422,3
15423,2
15425,1
15427,1
15428,1
15429,1
15430,1
15431,2
15432,2.5
15433,3
15434,2
15435,1
15436,0.25
15437,1.5
15439,2
15441,1
15442,1
15443,1
15444,1
15445,1.15
15446,1
15447,1
15448,1
15449,1
15450,1
15451,1
15452,4.5
15453,1.15
15454,1
15455,1
15456,1
15457,1.15
15458,1.15
15459,1
15460,1
15461,1
15462,1
15463,4
15464,1
15465,1.75
15466,1
15467,0.1
15468,0.1
15469,0.25
15470,0.25
15471,0.25
15472,1.25
15473,1.75
15474,2
15477,1
15478,1.485
15479,1
15480,1.15
15481,1
15482,1
15483,1.75
15487,1.15
15488,1
15489,0.7
15490,1.15
15491,1
15492,1.5
15493,1.15
15494,1
15495,0.9
15496,0.75
15497,1.15
15498,0.5
15499,1.5
15500,1
15502,1
15503,1
15508,1
15509,7.5
15512,2
15533,4
15534,0.5
15535,1
15536,1
15537,1.35
15538,4
15539,1
15540,1.2
15541,1.25
15542,1
15543,1
15544,1.35
15545,1
15546,1
15547,3
15548,1.1
15549,1
15550,1
15551,1.2
15552,1
15553,1.2
15554,0.4
15555,5
15556,1
15557,1.15
15558,1
15559,1
15560,1.15
15561,1
15562,1
15563,1
15564,1
15565,1
15566,1
15567,1.2
15568,1.35
15569,1
15570,1
15571,1
15572,1
15573,1
15574,1
15575,1
15576,5
15577,1
15578,1
15579,1
15580,1
15581,1
15582,2
15583,2.75
15584,10
15585,1
15594,1
15595,0.2
15596,1
15597,1
15598,1
15599,1
15600,1.2
15601,1.2
15602,1.2
15603,1.2
15604,1.62
15605,1.2
15606,1.2
15607,1.5
15608,1.5
15609,1.62
15610,1.2
15611,1.2
15612,1.2
15613,1.62
15614,1.2
15615,1.62
15616,1.2
15617,1.2
15618,1.2
15619,1.5
15620,1.2
15621,1.2
15622,1.2
15623,1.2
15624,1.2
15625,1.2
15626,1.2
15627,1.62
15628,1.5
15629,1.2
15630,1.2
15631,1.5
15632,1.2
15633,1.5
15634,1.2
15635,1.62
15636,1.2
15637,1.2
15638,1.2
15639,1.2
15640,1.2
15641,1.2
15642,1.62
15643,1.2
15644,1.62
15645,1.5
15646,1.2
15647,1.5
15648,1.62
15650,1
15651,1
15652,1
15653,1
15654,1.5
15655,1.5
15656,1.25
15657,1
15658,0.75
15659,15
15660,0.46
15661,1.1
15662,1.1
15663,0.46
15664,1.25
15665,1
15666,1
15667,0.2
15668,1.15
15669,1
15670,1
15671,0.5
15677,1
15678,1
15679,1
15680,1
15681,1
15682,0.5
15683,0.9
15684,0.25
15685,1
15686,1.5
15687,1.15
15688,1
15689,1
15690,1
15691,1
15692,1
15693,6
15694,5
15695,5
15696,4
15697,2
15698,1
15699,0.75
15700,0.75
15701,1
15702,1
15703,1
15704,1
15705,1.25
15706,1.25
15707,1
15708,1
15709,1.5
15710,1.75
15711,1.15
15712,1.15
15713,1
15714,1
15715,1
15716,1
15717,1
15718,1
15719,1
15720,1.35
15721,1.25
15722,1
15723,1
15724,1
15725,1
15726,1
15727,1
15728,1
15729,1.15
15730,1.25
15731,1
15732,1.5
15733,1
15734,1
15735,1.2
15736,1.2
15737,1.2
15738,2
15739,2
15740,1
15741,1.5
15742,1.5
15743,2
15744,1
15745,1
15746,1
15747,1
15748,1
15749,1
15750,1
15751,1
15752,1
15753,1
15754,1.25
15755,1
15756,1
15757,1
15758,1
15759,1.35
15760,1.3
15761,3
15762,1
15763,1
15764,1
15765,1
15766,1
15767,1
15768,1
15769,1
15770,1.35
15771,1.35
15772,1.25
15773,1.25
15774,3
15775,1.15
15776,1
15777,1
15778,3
15779,1
15780,1
15781,1
15782,1
15783,1
15784,1
15785,0.5
15786,1
15787,1
15788,1
15789,1.5
15790,6
15791,1
15792,3
15793,6
15794,4
15795,1.15
15796,1.15
15797,1.15
15798,1.15
15799,1.15
15800,1.15
15801,1.15
15802,1.15
15803,1.15
15804,1.15
15805,1.15
15806,1.15
15807,1.15
15808,1.15
15809,1.15
15810,1
15811,1
15812,1
15813,1
15814,1
15815,1.25
15816,1
15817,1.35
15818,1
15819,1
15820,1
15821,1
15822,1
15823,1
15824,1
15825,1
15826,1
15827,1.35
15828,1.25
15829,1.35
15830,1.25
15831,1
15832,1
15833,1
15834,1
15835,1
15836,1
15837,1
15838,1
15839,1
15840,1
15841,1
15842,1
15843,1
15844,1.35
15845,1.2
15846,1
15847,1
15848,1
15849,1
15850,1
15851,1
15852,1
15853,1
15854,1
15855,1
15856,1.35
15857,1.25
15858,1
15859,1
15860,1
15861,1
15862,1
15863,1.35
15864,1
15865,1.25
15866,1
15867,1
15868,3
15869,1.35
15870,1
15871,1
15872,1
15873,1
15874,1
15875,1.35
15876,1.25
15877,1.25
15878,1.5
15879,2
15880,3
15881,1
15882,0.1
15883,1
15884,1
15885,1
15886,1
15887,1
15888,1
15889,1.15
15890,1.15
15891,1
15892,1
15893,1
15894,1
15895,1
15896,1
15897,1
15898,1
15899,1
15900,0.3
15901,0.2
15902,1
15903,1
15904,0.2
15928,2.5
15929,5
15931,1
15932,1.75
15937,1
15938,1.3
15939,2
15940,1.7
15941,1.75
15942,2
15945,4
15946,2
15947,1
15948,4
15949,1
15950,1
15951,1
15952,1
15953,1
15954,1
15955,1.35
15956,1
15957,1.25
15958,2
15959,1
15960,1.6
15961,3
15962,2
15963,1
15964,2.5
15965,1
15966,1
15967,1
15968,1
15969,1.3
15970,1.3
15971,1.3
15972,1.15
15974,1.3
15975,1.3
15976,1.485
15977,1
15978,0.5
15979,1
15980,1
15981,1
15982,1
15983,0.1
15984,0.65
15985,2.5
15986,1
15987,2
15988,1
15989,1
15990,1
15991,1.75
15992,0.5
15993,1
15994,1.15
15995,1
15996,1.15
15997,1.62
15998,1
15999,1
16000,1.2
16003,1.2
16004,1.2
16005,1
16006,1
16007,1
16008,1
16009,1
16010,1
16011,2
16012,1
16013,1
16014,1
16015,1
16016,1
16017,1.3
16018,1.2
16019,1.2
16020,3
16021,2.25
16022,1
16023,1
16024,1
16025,1.5
16026,1
16027,1
16028,1
16029,1.35
16030,1
16031,1
16032,1.5
16033,2.2
16034,3
16035,1.5
16060,0.01
16063,1.5
16064,3
16066,1
16074,1.5
16075,1
16076,1
16077,1
16078,1
16081,3
16082,1
16093,1
16094,1
16095,1
16096,1
16102,1
16104,1
16105,1
16106,1
16107,1
16108,1
16109,1
16110,4
16111,1
16129,1
16130,1
16131,1
16132,1
16135,1
16136,1
16137,2
16138,3.5
16139,1.5
16143,2.5
16144,1
16145,0.35
16146,4
16147,1
16148,1
16149,1
16150,1
16151,1
16152,1
16153,1.5
16154,1.5
16155,1.5
16156,1
16157,1
16158,1
16159,1.5
16160,1.6
16161,1.6
16162,1.15
16163,1
16164,3
16167,1.75
16168,1.5
16169,1.25
16170,1.4
16171,1
16172,1
16173,1
16174,4
16175,1.5
16176,1.2
16177,0.75
16178,2.5
16179,1
16180,1.5
16181,3
16185,1
16186,1
16187,1
16188,4
16189,0.3
16191,3
16197,1
16204,1
16205,0.65
16212,1
16213,1
16218,1
16219,1
16220,1
16221,1
16229,1
16230,1
16231,1
16232,1
16233,1
16234,1
16235,1
16236,1
16237,1
16238,1
16239,1
16240,1
16252,1
16257,0.6
16259,0.25
16279,3
16282,1
16309,3
16326,1.5
16327,1.5
16328,1.5
16329,1.5
16334,1.25
16335,1
16336,1
16337,1
16338,1
16339,1
16340,1
16341,1
16354,1
16355,1
16356,1
16357,1
16358,1
16359,0.6
16360,0.6
16361,0.6
16412,1
16413,1
16414,1
16431,1
16432,1.35
16433,1
16434,1
16435,1
16436,1
16438,1
16442,1.25
16443,1
16444,1
16445,1
16446,1
16447,1.15
16448,1.15
16508,1.75
16513,1.75
16528,1.3
16533,1.3
16534,1.3
16539,1.75
16541,1
16582,2
16585,1
16586,0.5
16587,0.5
16590,2
16594,1.2
16595,1.2
16596,1.2
16597,1.2
16598,1.2
16599,1.2
16600,1.2
16601,1.2
16603,1.2
16604,1.2
16605,1.2
16606,1.2
16607,1.75
16608,1
16609,1
16611,1.5
16612,1.5
16614,1.5
16622,0.75
16786,1.15
16793,1
16794,1
16806,1
16834,1
16835,1
16836,1
16837,1
16908,1
16916,1.5
16925,1
16927,1.3
16937,1.5
16938,1.5
16939,1.5
16941,1
16942,0.75
16943,0.15
17008,1
17144,1
17146,1
17158,1
17166,1
17202,1
17203,1
17250,1
17251,0.75
17273,1
17328,1
17404,1
17405,1
17445,5
17548,1
